station_id,station_name,date,year,month,day_of_year,salinity_ppt,smax_observed,smax_forecast,discharge_TC_m3s,tide_vungtau_m,rainfall_mm,water_level_m,distance_to_sea_km,elevation_m,river_name,source_file,original_period,day_in_period,salinity_lag_1d,salinity_lag_7d,salinity_lag_14d,discharge_lag_1d,discharge_lag_7d,discharge_lag_14d,tide_lag_1d,tide_lag_7d,tide_lag_14d,nino34_anom
HCM02,Cát Lái,2024-01-11,2024,1,11,5.0,7.5,8.2,0.0,3.47,0.0,0.0,58.0,0.8,Sài Gòn,HOCM_XMAN_20240120_1530.pdf,Smax thực đo từ 11/01 - 20/01 (‰),1,0.0,0.0,0.0,0.0,0.0,0.0,0.0,0.0,0.0,0.0
HCM04,Long Đại,2024-01-11,2024,1,11,0.97,1.6,1.9,0.0,3.47,0.0,0.0,80.0,1.0,Đồng Nai,HOCM_XMAN_20240120_1530.pdf,Smax thực đo từ 11/01 - 20/01 (‰),1,0.0,0.0,0.0,0.0,0.0,0.0,0.0,0.0,0.0,0.0
HCM03,Lý Nhơn,2024-01-11,2024,1,11,14.36,22.7,23.4,0.0,3.47,0.0,0.0,7.0,0.3,Soài Rạp,HOCM_XMAN_20240120_1530.pdf,Smax thực đo từ 11/01 - 20/01 (‰),1,0.0,0.0,0.0,0.0,0.0,0.0,0.0,0.0,0.0,0.0
HCM01,Nhà Bè,2024-01-11,2024,1,11,8.31,12.8,13.1,0.0,3.47,0.0,0.0,38.0,0.5,Đồng Điền,HOCM_XMAN_20240120_1530.pdf,Smax thực đo từ 11/01 - 20/01 (‰),1,0.0,0.0,0.0,0.0,0.0,0.0,0.0,0.0,0.0,0.0
HCM02,Cát Lái,2024-01-12,2024,1,12,5.37,7.5,8.2,0.0,3.47,0.0,0.0,58.0,0.8,Sài Gòn,HOCM_XMAN_20240120_1530.pdf,Smax thực đo từ 11/01 - 20/01 (‰),2,5.0,0.0,0.0,0.0,0.0,0.0,3.47,0.0,0.0,0.0
HCM04,Long Đại,2024-01-12,2024,1,12,1.13,1.6,1.9,0.0,3.47,0.0,0.0,80.0,1.0,Đồng Nai,HOCM_XMAN_20240120_1530.pdf,Smax thực đo từ 11/01 - 20/01 (‰),2,0.97,0.0,0.0,0.0,0.0,0.0,3.47,0.0,0.0,0.0
HCM03,Lý Nhơn,2024-01-12,2024,1,12,15.31,22.7,23.4,0.0,3.47,0.0,0.0,7.0,0.3,Soài Rạp,HOCM_XMAN_20240120_1530.pdf,Smax thực đo từ 11/01 - 20/01 (‰),2,14.36,0.0,0.0,0.0,0.0,0.0,3.47,0.0,0.0,0.0
HCM01,Nhà Bè,2024-01-12,2024,1,12,8.95,12.8,13.1,0.0,3.47,0.0,0.0,38.0,0.5,Đồng Điền,HOCM_XMAN_20240120_1530.pdf,Smax thực đo từ 11/01 - 20/01 (‰),2,8.31,0.0,0.0,0.0,0.0,0.0,3.47,0.0,0.0,0.0
HCM02,Cát Lái,2024-01-13,2024,1,13,5.71,7.5,8.2,0.0,3.47,0.0,0.0,58.0,0.8,Sài Gòn,HOCM_XMAN_20240120_1530.pdf,Smax thực đo từ 11/01 - 20/01 (‰),3,5.37,0.0,0.0,0.0,0.0,0.0,3.47,0.0,0.0,0.0
HCM04,Long Đại,2024-01-13,2024,1,13,1.19,1.6,1.9,0.0,3.47,0.0,0.0,80.0,1.0,Đồng Nai,HOCM_XMAN_20240120_1530.pdf,Smax thực đo từ 11/01 - 20/01 (‰),3,1.13,0.0,0.0,0.0,0.0,0.0,3.47,0.0,0.0,0.0
HCM03,Lý Nhơn,2024-01-13,2024,1,13,16.04,22.7,23.4,0.0,3.47,0.0,0.0,7.0,0.3,Soài Rạp,HOCM_XMAN_20240120_1530.pdf,Smax thực đo từ 11/01 - 20/01 (‰),3,15.31,0.0,0.0,0.0,0.0,0.0,3.47,0.0,0.0,0.0
HCM01,Nhà Bè,2024-01-13,2024,1,13,9.61,12.8,13.1,0.0,3.47,0.0,0.0,38.0,0.5,Đồng Điền,HOCM_XMAN_20240120_1530.pdf,Smax thực đo từ 11/01 - 20/01 (‰),3,8.95,0.0,0.0,0.0,0.0,0.0,3.47,0.0,0.0,0.0
HCM02,Cát Lái,2024-01-14,2024,1,14,5.77,7.5,8.2,0.0,3.47,0.0,0.0,58.0,0.8,Sài Gòn,HOCM_XMAN_20240120_1530.pdf,Smax thực đo từ 11/01 - 20/01 (‰),4,5.71,0.0,0.0,0.0,0.0,0.0,3.47,0.0,0.0,0.0
HCM04,Long Đại,2024-01-14,2024,1,14,1.25,1.6,1.9,0.0,3.47,0.0,0.0,80.0,1.0,Đồng Nai,HOCM_XMAN_20240120_1530.pdf,Smax thực đo từ 11/01 - 20/01 (‰),4,1.19,0.0,0.0,0.0,0.0,0.0,3.47,0.0,0.0,0.0
HCM03,Lý Nhơn,2024-01-14,2024,1,14,18.04,22.7,23.4,0.0,3.47,0.0,0.0,7.0,0.3,Soài Rạp,HOCM_XMAN_20240120_1530.pdf,Smax thực đo từ 11/01 - 20/01 (‰),4,16.04,0.0,0.0,0.0,0.0,0.0,3.47,0.0,0.0,0.0
HCM01,Nhà Bè,2024-01-14,2024,1,14,9.26,12.8,13.1,0.0,3.47,0.0,0.0,38.0,0.5,Đồng Điền,HOCM_XMAN_20240120_1530.pdf,Smax thực đo từ 11/01 - 20/01 (‰),4,9.61,0.0,0.0,0.0,0.0,0.0,3.47,0.0,0.0,0.0
HCM02,Cát Lái,2024-01-15,2024,1,15,5.7,7.5,8.2,0.0,3.47,0.0,0.0,58.0,0.8,Sài Gòn,HOCM_XMAN_20240120_1530.pdf,Smax thực đo từ 11/01 - 20/01 (‰),5,5.77,0.0,0.0,0.0,0.0,0.0,3.47,0.0,0.0,0.0
HCM04,Long Đại,2024-01-15,2024,1,15,1.22,1.6,1.9,0.0,3.47,0.0,0.0,80.0,1.0,Đồng Nai,HOCM_XMAN_20240120_1530.pdf,Smax thực đo từ 11/01 - 20/01 (‰),5,1.25,0.0,0.0,0.0,0.0,0.0,3.47,0.0,0.0,0.0
HCM03,Lý Nhơn,2024-01-15,2024,1,15,18.4,22.7,23.4,0.0,3.47,0.0,0.0,7.0,0.3,Soài Rạp,HOCM_XMAN_20240120_1530.pdf,Smax thực đo từ 11/01 - 20/01 (‰),5,18.04,0.0,0.0,0.0,0.0,0.0,3.47,0.0,0.0,0.0
HCM01,Nhà Bè,2024-01-15,2024,1,15,9.71,12.8,13.1,0.0,3.47,0.0,0.0,38.0,0.5,Đồng Điền,HOCM_XMAN_20240120_1530.pdf,Smax thực đo từ 11/01 - 20/01 (‰),5,9.26,0.0,0.0,0.0,0.0,0.0,3.47,0.0,0.0,0.0
HCM02,Cát Lái,2024-01-16,2024,1,16,6.06,7.5,8.2,0.0,3.47,0.0,0.0,58.0,0.8,Sài Gòn,HOCM_XMAN_20240120_1530.pdf,Smax thực đo từ 11/01 - 20/01 (‰),6,5.7,0.0,0.0,0.0,0.0,0.0,3.47,0.0,0.0,0.0
HCM04,Long Đại,2024-01-16,2024,1,16,1.43,1.6,1.9,0.0,3.47,0.0,0.0,80.0,1.0,Đồng Nai,HOCM_XMAN_20240120_1530.pdf,Smax thực đo từ 11/01 - 20/01 (‰),6,1.22,0.0,0.0,0.0,0.0,0.0,3.47,0.0,0.0,0.0
HCM03,Lý Nhơn,2024-01-16,2024,1,16,20.01,22.7,23.4,0.0,3.47,0.0,0.0,7.0,0.3,Soài Rạp,HOCM_XMAN_20240120_1530.pdf,Smax thực đo từ 11/01 - 20/01 (‰),6,18.4,0.0,0.0,0.0,0.0,0.0,3.47,0.0,0.0,0.0
HCM01,Nhà Bè,2024-01-16,2024,1,16,10.33,12.8,13.1,0.0,3.47,0.0,0.0,38.0,0.5,Đồng Điền,HOCM_XMAN_20240120_1530.pdf,Smax thực đo từ 11/01 - 20/01 (‰),6,9.71,0.0,0.0,0.0,0.0,0.0,3.47,0.0,0.0,0.0
HCM02,Cát Lái,2024-01-17,2024,1,17,6.77,7.5,8.2,0.0,3.47,0.0,0.0,58.0,0.8,Sài Gòn,HOCM_XMAN_20240120_1530.pdf,Smax thực đo từ 11/01 - 20/01 (‰),7,6.06,0.0,0.0,0.0,0.0,0.0,3.47,0.0,0.0,0.0
HCM04,Long Đại,2024-01-17,2024,1,17,1.39,1.6,1.9,0.0,3.47,0.0,0.0,80.0,1.0,Đồng Nai,HOCM_XMAN_20240120_1530.pdf,Smax thực đo từ 11/01 - 20/01 (‰),7,1.43,0.0,0.0,0.0,0.0,0.0,3.47,0.0,0.0,0.0
HCM03,Lý Nhơn,2024-01-17,2024,1,17,19.35,22.7,23.4,0.0,3.47,0.0,0.0,7.0,0.3,Soài Rạp,HOCM_XMAN_20240120_1530.pdf,Smax thực đo từ 11/01 - 20/01 (‰),7,20.01,0.0,0.0,0.0,0.0,0.0,3.47,0.0,0.0,0.0
HCM01,Nhà Bè,2024-01-17,2024,1,17,10.98,12.8,13.1,0.0,3.47,0.0,0.0,38.0,0.5,Đồng Điền,HOCM_XMAN_20240120_1530.pdf,Smax thực đo từ 11/01 - 20/01 (‰),7,10.33,0.0,0.0,0.0,0.0,0.0,3.47,0.0,0.0,0.0
HCM02,Cát Lái,2024-01-18,2024,1,18,6.92,7.5,8.2,0.0,3.47,0.0,0.0,58.0,0.8,Sài Gòn,HOCM_XMAN_20240120_1530.pdf,Smax thực đo từ 11/01 - 20/01 (‰),8,6.77,5.0,0.0,0.0,0.0,0.0,3.47,3.47,0.0,0.0
HCM04,Long Đại,2024-01-18,2024,1,18,1.43,1.6,1.9,0.0,3.47,0.0,0.0,80.0,1.0,Đồng Nai,HOCM_XMAN_20240120_1530.pdf,Smax thực đo từ 11/01 - 20/01 (‰),8,1.39,0.97,0.0,0.0,0.0,0.0,3.47,3.47,0.0,0.0
HCM03,Lý Nhơn,2024-01-18,2024,1,18,21.04,22.7,23.4,0.0,3.47,0.0,0.0,7.0,0.3,Soài Rạp,HOCM_XMAN_20240120_1530.pdf,Smax thực đo từ 11/01 - 20/01 (‰),8,19.35,14.36,0.0,0.0,0.0,0.0,3.47,3.47,0.0,0.0
HCM01,Nhà Bè,2024-01-18,2024,1,18,11.38,12.8,13.1,0.0,3.47,0.0,0.0,38.0,0.5,Đồng Điền,HOCM_XMAN_20240120_1530.pdf,Smax thực đo từ 11/01 - 20/01 (‰),8,10.98,8.31,0.0,0.0,0.0,0.0,3.47,3.47,0.0,0.0
HCM02,Cát Lái,2024-01-19,2024,1,19,7.5,7.5,8.2,0.0,3.47,0.0,0.0,58.0,0.8,Sài Gòn,HOCM_XMAN_20240120_1530.pdf,Smax thực đo từ 11/01 - 20/01 (‰),9,6.92,5.37,0.0,0.0,0.0,0.0,3.47,3.47,0.0,0.0
HCM04,Long Đại,2024-01-19,2024,1,19,1.51,1.6,1.9,0.0,3.47,0.0,0.0,80.0,1.0,Đồng Nai,HOCM_XMAN_20240120_1530.pdf,Smax thực đo từ 11/01 - 20/01 (‰),9,1.43,1.13,0.0,0.0,0.0,0.0,3.47,3.47,0.0,0.0
HCM03,Lý Nhơn,2024-01-19,2024,1,19,21.13,22.7,23.4,0.0,3.47,0.0,0.0,7.0,0.3,Soài Rạp,HOCM_XMAN_20240120_1530.pdf,Smax thực đo từ 11/01 - 20/01 (‰),9,21.04,15.31,0.0,0.0,0.0,0.0,3.47,3.47,0.0,0.0
HCM01,Nhà Bè,2024-01-19,2024,1,19,12.0,12.8,13.1,0.0,3.47,0.0,0.0,38.0,0.5,Đồng Điền,HOCM_XMAN_20240120_1530.pdf,Smax thực đo từ 11/01 - 20/01 (‰),9,11.38,8.95,0.0,0.0,0.0,0.0,3.47,3.47,0.0,0.0
HCM02,Cát Lái,2024-01-20,2024,1,20,7.38,7.5,8.2,0.0,3.47,0.0,0.0,58.0,0.8,Sài Gòn,HOCM_XMAN_20240120_1530.pdf,Smax thực đo từ 11/01 - 20/01 (‰),10,7.5,5.71,0.0,0.0,0.0,0.0,3.47,3.47,0.0,0.0
HCM04,Long Đại,2024-01-20,2024,1,20,1.6,1.6,1.9,0.0,3.47,0.0,0.0,80.0,1.0,Đồng Nai,HOCM_XMAN_20240120_1530.pdf,Smax thực đo từ 11/01 - 20/01 (‰),10,1.51,1.19,0.0,0.0,0.0,0.0,3.47,3.47,0.0,0.0
HCM03,Lý Nhơn,2024-01-20,2024,1,20,22.51,22.7,23.4,0.0,3.47,0.0,0.0,7.0,0.3,Soài Rạp,HOCM_XMAN_20240120_1530.pdf,Smax thực đo từ 11/01 - 20/01 (‰),10,21.13,16.04,0.0,0.0,0.0,0.0,3.47,3.47,0.0,0.0
HCM01,Nhà Bè,2024-01-20,2024,1,20,12.16,12.8,13.1,0.0,3.47,0.0,0.0,38.0,0.5,Đồng Điền,HOCM_XMAN_20240120_1530.pdf,Smax thực đo từ 11/01 - 20/01 (‰),10,12.0,9.61,0.0,0.0,0.0,0.0,3.47,3.47,0.0,0.0
HCM02,Cát Lái,2024-02-11,2024,2,42,5.31,8.2,8.5,0.0,3.47,0.0,0.0,58.0,0.8,Sài Gòn,HOCM_XMAN_20240220_1530.pdf,Smax thực đo từ 11/02 - 20/02 (‰),1,7.38,5.77,0.0,0.0,0.0,0.0,3.47,3.47,0.0,0.0
HCM04,Long Đại,2024-02-11,2024,2,42,1.3,2.0,2.4,0.0,3.47,0.0,0.0,80.0,1.0,Đồng Nai,HOCM_XMAN_20240220_1530.pdf,Smax thực đo từ 11/02 - 20/02 (‰),1,1.6,1.25,0.0,0.0,0.0,0.0,3.47,3.47,0.0,0.0
HCM03,Lý Nhơn,2024-02-11,2024,2,42,16.26,24.9,25.8,0.0,3.47,0.0,0.0,7.0,0.3,Soài Rạp,HOCM_XMAN_20240220_1530.pdf,Smax thực đo từ 11/02 - 20/02 (‰),1,22.51,18.04,0.0,0.0,0.0,0.0,3.47,3.47,0.0,0.0
HCM01,Nhà Bè,2024-02-11,2024,2,42,8.87,14.4,14.7,0.0,3.47,0.0,0.0,38.0,0.5,Đồng Điền,HOCM_XMAN_20240220_1530.pdf,Smax thực đo từ 11/02 - 20/02 (‰),1,12.16,9.26,0.0,0.0,0.0,0.0,3.47,3.47,0.0,0.0
HCM02,Cát Lái,2024-02-12,2024,2,43,5.55,8.2,8.5,0.0,3.47,0.0,0.0,58.0,0.8,Sài Gòn,HOCM_XMAN_20240220_1530.pdf,Smax thực đo từ 11/02 - 20/02 (‰),2,5.31,5.7,0.0,0.0,0.0,0.0,3.47,3.47,0.0,0.0
HCM04,Long Đại,2024-02-12,2024,2,43,1.29,2.0,2.4,0.0,3.47,0.0,0.0,80.0,1.0,Đồng Nai,HOCM_XMAN_20240220_1530.pdf,Smax thực đo từ 11/02 - 20/02 (‰),2,1.3,1.22,0.0,0.0,0.0,0.0,3.47,3.47,0.0,0.0
HCM03,Lý Nhơn,2024-02-12,2024,2,43,18.23,24.9,25.8,0.0,3.47,0.0,0.0,7.0,0.3,Soài Rạp,HOCM_XMAN_20240220_1530.pdf,Smax thực đo từ 11/02 - 20/02 (‰),2,16.26,18.4,0.0,0.0,0.0,0.0,3.47,3.47,0.0,0.0
HCM01,Nhà Bè,2024-02-12,2024,2,43,9.55,14.4,14.7,0.0,3.47,0.0,0.0,38.0,0.5,Đồng Điền,HOCM_XMAN_20240220_1530.pdf,Smax thực đo từ 11/02 - 20/02 (‰),2,8.87,9.71,0.0,0.0,0.0,0.0,3.47,3.47,0.0,0.0
HCM02,Cát Lái,2024-02-13,2024,2,44,6.06,8.2,8.5,0.0,3.47,0.0,0.0,58.0,0.8,Sài Gòn,HOCM_XMAN_20240220_1530.pdf,Smax thực đo từ 11/02 - 20/02 (‰),3,5.55,6.06,0.0,0.0,0.0,0.0,3.47,3.47,0.0,0.0
HCM04,Long Đại,2024-02-13,2024,2,44,1.42,2.0,2.4,0.0,3.47,0.0,0.0,80.0,1.0,Đồng Nai,HOCM_XMAN_20240220_1530.pdf,Smax thực đo từ 11/02 - 20/02 (‰),3,1.29,1.43,0.0,0.0,0.0,0.0,3.47,3.47,0.0,0.0
HCM03,Lý Nhơn,2024-02-13,2024,2,44,17.33,24.9,25.8,0.0,3.47,0.0,0.0,7.0,0.3,Soài Rạp,HOCM_XMAN_20240220_1530.pdf,Smax thực đo từ 11/02 - 20/02 (‰),3,18.23,20.01,0.0,0.0,0.0,0.0,3.47,3.47,0.0,0.0
HCM01,Nhà Bè,2024-02-13,2024,2,44,10.93,14.4,14.7,0.0,3.47,0.0,0.0,38.0,0.5,Đồng Điền,HOCM_XMAN_20240220_1530.pdf,Smax thực đo từ 11/02 - 20/02 (‰),3,9.55,10.33,0.0,0.0,0.0,0.0,3.47,3.47,0.0,0.0
HCM02,Cát Lái,2024-02-14,2024,2,45,5.96,8.2,8.5,0.0,3.47,0.0,0.0,58.0,0.8,Sài Gòn,HOCM_XMAN_20240220_1530.pdf,Smax thực đo từ 11/02 - 20/02 (‰),4,6.06,6.77,0.0,0.0,0.0,0.0,3.47,3.47,0.0,0.0
HCM04,Long Đại,2024-02-14,2024,2,45,1.61,2.0,2.4,0.0,3.47,0.0,0.0,80.0,1.0,Đồng Nai,HOCM_XMAN_20240220_1530.pdf,Smax thực đo từ 11/02 - 20/02 (‰),4,1.42,1.39,0.0,0.0,0.0,0.0,3.47,3.47,0.0,0.0
HCM03,Lý Nhơn,2024-02-14,2024,2,45,19.76,24.9,25.8,0.0,3.47,0.0,0.0,7.0,0.3,Soài Rạp,HOCM_XMAN_20240220_1530.pdf,Smax thực đo từ 11/02 - 20/02 (‰),4,17.33,19.35,0.0,0.0,0.0,0.0,3.47,3.47,0.0,0.0
HCM01,Nhà Bè,2024-02-14,2024,2,45,11.44,14.4,14.7,0.0,3.47,0.0,0.0,38.0,0.5,Đồng Điền,HOCM_XMAN_20240220_1530.pdf,Smax thực đo từ 11/02 - 20/02 (‰),4,10.93,10.98,0.0,0.0,0.0,0.0,3.47,3.47,0.0,0.0
HCM02,Cát Lái,2024-02-15,2024,2,46,6.38,8.2,8.5,0.0,3.47,0.0,0.0,58.0,0.8,Sài Gòn,HOCM_XMAN_20240220_1530.pdf,Smax thực đo từ 11/02 - 20/02 (‰),5,5.96,6.92,5.0,0.0,0.0,0.0,3.47,3.47,3.47,0.0
HCM04,Long Đại,2024-02-15,2024,2,46,1.7,2.0,2.4,0.0,3.47,0.0,0.0,80.0,1.0,Đồng Nai,HOCM_XMAN_20240220_1530.pdf,Smax thực đo từ 11/02 - 20/02 (‰),5,1.61,1.43,0.97,0.0,0.0,0.0,3.47,3.47,3.47,0.0
HCM03,Lý Nhơn,2024-02-15,2024,2,46,19.1,24.9,25.8,0.0,3.47,0.0,0.0,7.0,0.3,Soài Rạp,HOCM_XMAN_20240220_1530.pdf,Smax thực đo từ 11/02 - 20/02 (‰),5,19.76,21.04,14.36,0.0,0.0,0.0,3.47,3.47,3.47,0.0
HCM01,Nhà Bè,2024-02-15,2024,2,46,11.13,14.4,14.7,0.0,3.47,0.0,0.0,38.0,0.5,Đồng Điền,HOCM_XMAN_20240220_1530.pdf,Smax thực đo từ 11/02 - 20/02 (‰),5,11.44,11.38,8.31,0.0,0.0,0.0,3.47,3.47,3.47,0.0
HCM02,Cát Lái,2024-02-16,2024,2,47,7.17,8.2,8.5,0.0,3.47,0.0,0.0,58.0,0.8,Sài Gòn,HOCM_XMAN_20240220_1530.pdf,Smax thực đo từ 11/02 - 20/02 (‰),6,6.38,7.5,5.37,0.0,0.0,0.0,3.47,3.47,3.47,0.0
HCM04,Long Đại,2024-02-16,2024,2,47,1.76,2.0,2.4,0.0,3.47,0.0,0.0,80.0,1.0,Đồng Nai,HOCM_XMAN_20240220_1530.pdf,Smax thực đo từ 11/02 - 20/02 (‰),6,1.7,1.51,1.13,0.0,0.0,0.0,3.47,3.47,3.47,0.0
HCM03,Lý Nhơn,2024-02-16,2024,2,47,21.46,24.9,25.8,0.0,3.47,0.0,0.0,7.0,0.3,Soài Rạp,HOCM_XMAN_20240220_1530.pdf,Smax thực đo từ 11/02 - 20/02 (‰),6,19.1,21.13,15.31,0.0,0.0,0.0,3.47,3.47,3.47,0.0
HCM01,Nhà Bè,2024-02-16,2024,2,47,12.21,14.4,14.7,0.0,3.47,0.0,0.0,38.0,0.5,Đồng Điền,HOCM_XMAN_20240220_1530.pdf,Smax thực đo từ 11/02 - 20/02 (‰),6,11.13,12.0,8.95,0.0,0.0,0.0,3.47,3.47,3.47,0.0
HCM02,Cát Lái,2024-02-17,2024,2,48,7.62,8.2,8.5,0.0,3.47,0.0,0.0,58.0,0.8,Sài Gòn,HOCM_XMAN_20240220_1530.pdf,Smax thực đo từ 11/02 - 20/02 (‰),7,7.17,7.38,5.71,0.0,0.0,0.0,3.47,3.47,3.47,0.0
HCM04,Long Đại,2024-02-17,2024,2,48,1.71,2.0,2.4,0.0,3.47,0.0,0.0,80.0,1.0,Đồng Nai,HOCM_XMAN_20240220_1530.pdf,Smax thực đo từ 11/02 - 20/02 (‰),7,1.76,1.6,1.19,0.0,0.0,0.0,3.47,3.47,3.47,0.0
HCM03,Lý Nhơn,2024-02-17,2024,2,48,21.93,24.9,25.8,0.0,3.47,0.0,0.0,7.0,0.3,Soài Rạp,HOCM_XMAN_20240220_1530.pdf,Smax thực đo từ 11/02 - 20/02 (‰),7,21.46,22.51,16.04,0.0,0.0,0.0,3.47,3.47,3.47,0.0
HCM01,Nhà Bè,2024-02-17,2024,2,48,13.11,14.4,14.7,0.0,3.47,0.0,0.0,38.0,0.5,Đồng Điền,HOCM_XMAN_20240220_1530.pdf,Smax thực đo từ 11/02 - 20/02 (‰),7,12.21,12.16,9.61,0.0,0.0,0.0,3.47,3.47,3.47,0.0
HCM02,Cát Lái,2024-02-18,2024,2,49,7.59,8.2,8.5,0.0,3.47,0.0,0.0,58.0,0.8,Sài Gòn,HOCM_XMAN_20240220_1530.pdf,Smax thực đo từ 11/02 - 20/02 (‰),8,7.62,5.31,5.77,0.0,0.0,0.0,3.47,3.47,3.47,0.0
HCM04,Long Đại,2024-02-18,2024,2,49,1.83,2.0,2.4,0.0,3.47,0.0,0.0,80.0,1.0,Đồng Nai,HOCM_XMAN_20240220_1530.pdf,Smax thực đo từ 11/02 - 20/02 (‰),8,1.71,1.3,1.25,0.0,0.0,0.0,3.47,3.47,3.47,0.0
HCM03,Lý Nhơn,2024-02-18,2024,2,49,21.97,24.9,25.8,0.0,3.47,0.0,0.0,7.0,0.3,Soài Rạp,HOCM_XMAN_20240220_1530.pdf,Smax thực đo từ 11/02 - 20/02 (‰),8,21.93,16.26,18.04,0.0,0.0,0.0,3.47,3.47,3.47,0.0
HCM01,Nhà Bè,2024-02-18,2024,2,49,13.18,14.4,14.7,0.0,3.47,0.0,0.0,38.0,0.5,Đồng Điền,HOCM_XMAN_20240220_1530.pdf,Smax thực đo từ 11/02 - 20/02 (‰),8,13.11,8.87,9.26,0.0,0.0,0.0,3.47,3.47,3.47,0.0
HCM02,Cát Lái,2024-02-19,2024,2,50,7.82,8.2,8.5,0.0,3.47,0.0,0.0,58.0,0.8,Sài Gòn,HOCM_XMAN_20240220_1530.pdf,Smax thực đo từ 11/02 - 20/02 (‰),9,7.59,5.55,5.7,0.0,0.0,0.0,3.47,3.47,3.47,0.0
HCM04,Long Đại,2024-02-19,2024,2,50,1.97,2.0,2.4,0.0,3.47,0.0,0.0,80.0,1.0,Đồng Nai,HOCM_XMAN_20240220_1530.pdf,Smax thực đo từ 11/02 - 20/02 (‰),9,1.83,1.29,1.22,0.0,0.0,0.0,3.47,3.47,3.47,0.0
HCM03,Lý Nhơn,2024-02-19,2024,2,50,24.24,24.9,25.8,0.0,3.47,0.0,0.0,7.0,0.3,Soài Rạp,HOCM_XMAN_20240220_1530.pdf,Smax thực đo từ 11/02 - 20/02 (‰),9,21.97,18.23,18.4,0.0,0.0,0.0,3.47,3.47,3.47,0.0
HCM01,Nhà Bè,2024-02-19,2024,2,50,13.39,14.4,14.7,0.0,3.47,0.0,0.0,38.0,0.5,Đồng Điền,HOCM_XMAN_20240220_1530.pdf,Smax thực đo từ 11/02 - 20/02 (‰),9,13.18,9.55,9.71,0.0,0.0,0.0,3.47,3.47,3.47,0.0
HCM02,Cát Lái,2024-02-20,2024,2,51,7.92,8.2,8.5,0.0,3.47,0.0,0.0,58.0,0.8,Sài Gòn,HOCM_XMAN_20240220_1530.pdf,Smax thực đo từ 11/02 - 20/02 (‰),10,7.82,6.06,6.06,0.0,0.0,0.0,3.47,3.47,3.47,0.0
HCM04,Long Đại,2024-02-20,2024,2,51,2.0,2.0,2.4,0.0,3.47,0.0,0.0,80.0,1.0,Đồng Nai,HOCM_XMAN_20240220_1530.pdf,Smax thực đo từ 11/02 - 20/02 (‰),10,1.97,1.42,1.43,0.0,0.0,0.0,3.47,3.47,3.47,0.0
HCM03,Lý Nhơn,2024-02-20,2024,2,51,24.28,24.9,25.8,0.0,3.47,0.0,0.0,7.0,0.3,Soài Rạp,HOCM_XMAN_20240220_1530.pdf,Smax thực đo từ 11/02 - 20/02 (‰),10,24.24,17.33,20.01,0.0,0.0,0.0,3.47,3.47,3.47,0.0
HCM01,Nhà Bè,2024-02-20,2024,2,51,14.4,14.4,14.7,0.0,3.47,0.0,0.0,38.0,0.5,Đồng Điền,HOCM_XMAN_20240220_1530.pdf,Smax thực đo từ 11/02 - 20/02 (‰),10,13.39,10.93,10.33,0.0,0.0,0.0,3.47,3.47,3.47,0.0
HCM02,Cát Lái,2024-03-01,2024,3,61,6.43,9.2,10.6,0.0,3.47,0.0,0.0,58.0,0.8,Sài Gòn,HOCM_XMAN_20240310_1530.pdf,Smax thực đo từ 01/03 - 10/03 (‰),1,7.92,5.96,6.77,0.0,0.0,0.0,3.47,3.47,3.47,0.0
HCM04,Long Đại,2024-03-01,2024,3,61,1.51,2.3,2.8,0.0,3.47,0.0,0.0,80.0,1.0,Đồng Nai,HOCM_XMAN_20240310_1530.pdf,Smax thực đo từ 01/03 - 10/03 (‰),1,2.0,1.61,1.39,0.0,0.0,0.0,3.47,3.47,3.47,0.0
HCM03,Lý Nhơn,2024-03-01,2024,3,61,15.61,25.9,26.4,0.0,3.47,0.0,0.0,7.0,0.3,Soài Rạp,HOCM_XMAN_20240310_1530.pdf,Smax thực đo từ 01/03 - 10/03 (‰),1,24.28,19.76,19.35,0.0,0.0,0.0,3.47,3.47,3.47,0.0
HCM01,Nhà Bè,2024-03-01,2024,3,61,10.55,15.5,15.5,0.0,3.47,0.0,0.0,38.0,0.5,Đồng Điền,HOCM_XMAN_20240310_1530.pdf,Smax thực đo từ 01/03 - 10/03 (‰),1,14.4,11.44,10.98,0.0,0.0,0.0,3.47,3.47,3.47,0.0
HCM02,Cát Lái,2024-03-02,2024,3,62,6.47,9.2,10.6,0.0,3.47,0.0,0.0,58.0,0.8,Sài Gòn,HOCM_XMAN_20240310_1530.pdf,Smax thực đo từ 01/03 - 10/03 (‰),2,6.43,6.38,6.92,0.0,0.0,0.0,3.47,3.47,3.47,0.0
HCM04,Long Đại,2024-03-02,2024,3,62,1.69,2.3,2.8,0.0,3.47,0.0,0.0,80.0,1.0,Đồng Nai,HOCM_XMAN_20240310_1530.pdf,Smax thực đo từ 01/03 - 10/03 (‰),2,1.51,1.7,1.43,0.0,0.0,0.0,3.47,3.47,3.47,0.0
HCM03,Lý Nhơn,2024-03-02,2024,3,62,17.75,25.9,26.4,0.0,3.47,0.0,0.0,7.0,0.3,Soài Rạp,HOCM_XMAN_20240310_1530.pdf,Smax thực đo từ 01/03 - 10/03 (‰),2,15.61,19.1,21.04,0.0,0.0,0.0,3.47,3.47,3.47,0.0
HCM01,Nhà Bè,2024-03-02,2024,3,62,10.49,15.5,15.5,0.0,3.47,0.0,0.0,38.0,0.5,Đồng Điền,HOCM_XMAN_20240310_1530.pdf,Smax thực đo từ 01/03 - 10/03 (‰),2,10.55,11.13,11.38,0.0,0.0,0.0,3.47,3.47,3.47,0.0
HCM02,Cát Lái,2024-03-03,2024,3,63,6.8,9.2,10.6,0.0,3.47,0.0,0.0,58.0,0.8,Sài Gòn,HOCM_XMAN_20240310_1530.pdf,Smax thực đo từ 01/03 - 10/03 (‰),3,6.47,7.17,7.5,0.0,0.0,0.0,3.47,3.47,3.47,0.0
HCM04,Long Đại,2024-03-03,2024,3,63,1.6,2.3,2.8,0.0,3.47,0.0,0.0,80.0,1.0,Đồng Nai,HOCM_XMAN_20240310_1530.pdf,Smax thực đo từ 01/03 - 10/03 (‰),3,1.69,1.76,1.51,0.0,0.0,0.0,3.47,3.47,3.47,0.0
HCM03,Lý Nhơn,2024-03-03,2024,3,63,19.25,25.9,26.4,0.0,3.47,0.0,0.0,7.0,0.3,Soài Rạp,HOCM_XMAN_20240310_1530.pdf,Smax thực đo từ 01/03 - 10/03 (‰),3,17.75,21.46,21.13,0.0,0.0,0.0,3.47,3.47,3.47,0.0
HCM01,Nhà Bè,2024-03-03,2024,3,63,11.16,15.5,15.5,0.0,3.47,0.0,0.0,38.0,0.5,Đồng Điền,HOCM_XMAN_20240310_1530.pdf,Smax thực đo từ 01/03 - 10/03 (‰),3,10.49,12.21,12.0,0.0,0.0,0.0,3.47,3.47,3.47,0.0
HCM02,Cát Lái,2024-03-04,2024,3,64,7.22,9.2,10.6,0.0,3.47,0.0,0.0,58.0,0.8,Sài Gòn,HOCM_XMAN_20240310_1530.pdf,Smax thực đo từ 01/03 - 10/03 (‰),4,6.8,7.62,7.38,0.0,0.0,0.0,3.47,3.47,3.47,0.0
HCM04,Long Đại,2024-03-04,2024,3,64,1.73,2.3,2.8,0.0,3.47,0.0,0.0,80.0,1.0,Đồng Nai,HOCM_XMAN_20240310_1530.pdf,Smax thực đo từ 01/03 - 10/03 (‰),4,1.6,1.71,1.6,0.0,0.0,0.0,3.47,3.47,3.47,0.0
HCM03,Lý Nhơn,2024-03-04,2024,3,64,19.47,25.9,26.4,0.0,3.47,0.0,0.0,7.0,0.3,Soài Rạp,HOCM_XMAN_20240310_1530.pdf,Smax thực đo từ 01/03 - 10/03 (‰),4,19.25,21.93,22.51,0.0,0.0,0.0,3.47,3.47,3.47,0.0
HCM01,Nhà Bè,2024-03-04,2024,3,64,11.65,15.5,15.5,0.0,3.47,0.0,0.0,38.0,0.5,Đồng Điền,HOCM_XMAN_20240310_1530.pdf,Smax thực đo từ 01/03 - 10/03 (‰),4,11.16,13.11,12.16,0.0,0.0,0.0,3.47,3.47,3.47,0.0
HCM02,Cát Lái,2024-03-05,2024,3,65,7.74,9.2,10.6,0.0,3.47,0.0,0.0,58.0,0.8,Sài Gòn,HOCM_XMAN_20240310_1530.pdf,Smax thực đo từ 01/03 - 10/03 (‰),5,7.22,7.59,5.31,0.0,0.0,0.0,3.47,3.47,3.47,0.0
HCM04,Long Đại,2024-03-05,2024,3,65,1.83,2.3,2.8,0.0,3.47,0.0,0.0,80.0,1.0,Đồng Nai,HOCM_XMAN_20240310_1530.pdf,Smax thực đo từ 01/03 - 10/03 (‰),5,1.73,1.83,1.3,0.0,0.0,0.0,3.47,3.47,3.47,0.0
HCM03,Lý Nhơn,2024-03-05,2024,3,65,19.77,25.9,26.4,0.0,3.47,0.0,0.0,7.0,0.3,Soài Rạp,HOCM_XMAN_20240310_1530.pdf,Smax thực đo từ 01/03 - 10/03 (‰),5,19.47,21.97,16.26,0.0,0.0,0.0,3.47,3.47,3.47,0.0
HCM01,Nhà Bè,2024-03-05,2024,3,65,13.06,15.5,15.5,0.0,3.47,0.0,0.0,38.0,0.5,Đồng Điền,HOCM_XMAN_20240310_1530.pdf,Smax thực đo từ 01/03 - 10/03 (‰),5,11.65,13.18,8.87,0.0,0.0,0.0,3.47,3.47,3.47,0.0
HCM02,Cát Lái,2024-03-06,2024,3,66,7.65,9.2,10.6,0.0,3.47,0.0,0.0,58.0,0.8,Sài Gòn,HOCM_XMAN_20240310_1530.pdf,Smax thực đo từ 01/03 - 10/03 (‰),6,7.74,7.82,5.55,0.0,0.0,0.0,3.47,3.47,3.47,0.0
HCM04,Long Đại,2024-03-06,2024,3,66,1.85,2.3,2.8,0.0,3.47,0.0,0.0,80.0,1.0,Đồng Nai,HOCM_XMAN_20240310_1530.pdf,Smax thực đo từ 01/03 - 10/03 (‰),6,1.83,1.97,1.29,0.0,0.0,0.0,3.47,3.47,3.47,0.0
HCM03,Lý Nhơn,2024-03-06,2024,3,66,21.38,25.9,26.4,0.0,3.47,0.0,0.0,7.0,0.3,Soài Rạp,HOCM_XMAN_20240310_1530.pdf,Smax thực đo từ 01/03 - 10/03 (‰),6,19.77,24.24,18.23,0.0,0.0,0.0,3.47,3.47,3.47,0.0
HCM01,Nhà Bè,2024-03-06,2024,3,66,13.85,15.5,15.5,0.0,3.47,0.0,0.0,38.0,0.5,Đồng Điền,HOCM_XMAN_20240310_1530.pdf,Smax thực đo từ 01/03 - 10/03 (‰),6,13.06,13.39,9.55,0.0,0.0,0.0,3.47,3.47,3.47,0.0
HCM02,Cát Lái,2024-03-07,2024,3,67,7.89,9.2,10.6,0.0,3.47,0.0,0.0,58.0,0.8,Sài Gòn,HOCM_XMAN_20240310_1530.pdf,Smax thực đo từ 01/03 - 10/03 (‰),7,7.65,7.92,6.06,0.0,0.0,0.0,3.47,3.47,3.47,0.0
HCM04,Long Đại,2024-03-07,2024,3,67,2.03,2.3,2.8,0.0,3.47,0.0,0.0,80.0,1.0,Đồng Nai,HOCM_XMAN_20240310_1530.pdf,Smax thực đo từ 01/03 - 10/03 (‰),7,1.85,2.0,1.42,0.0,0.0,0.0,3.47,3.47,3.47,0.0
HCM03,Lý Nhơn,2024-03-07,2024,3,67,23.22,25.9,26.4,0.0,3.47,0.0,0.0,7.0,0.3,Soài Rạp,HOCM_XMAN_20240310_1530.pdf,Smax thực đo từ 01/03 - 10/03 (‰),7,21.38,24.28,17.33,0.0,0.0,0.0,3.47,3.47,3.47,0.0
HCM01,Nhà Bè,2024-03-07,2024,3,67,13.41,15.5,15.5,0.0,3.47,0.0,0.0,38.0,0.5,Đồng Điền,HOCM_XMAN_20240310_1530.pdf,Smax thực đo từ 01/03 - 10/03 (‰),7,13.85,14.4,10.93,0.0,0.0,0.0,3.47,3.47,3.47,0.0
HCM02,Cát Lái,2024-03-08,2024,3,68,8.49,9.2,10.6,0.0,3.47,0.0,0.0,58.0,0.8,Sài Gòn,HOCM_XMAN_20240310_1530.pdf,Smax thực đo từ 01/03 - 10/03 (‰),8,7.89,6.43,5.96,0.0,0.0,0.0,3.47,3.47,3.47,0.0
HCM04,Long Đại,2024-03-08,2024,3,68,2.23,2.3,2.8,0.0,3.47,0.0,0.0,80.0,1.0,Đồng Nai,HOCM_XMAN_20240310_1530.pdf,Smax thực đo từ 01/03 - 10/03 (‰),8,2.03,1.51,1.61,0.0,0.0,0.0,3.47,3.47,3.47,0.0
HCM03,Lý Nhơn,2024-03-08,2024,3,68,23.35,25.9,26.4,0.0,3.47,0.0,0.0,7.0,0.3,Soài Rạp,HOCM_XMAN_20240310_1530.pdf,Smax thực đo từ 01/03 - 10/03 (‰),8,23.22,15.61,19.76,0.0,0.0,0.0,3.47,3.47,3.47,0.0
HCM01,Nhà Bè,2024-03-08,2024,3,68,14.92,15.5,15.5,0.0,3.47,0.0,0.0,38.0,0.5,Đồng Điền,HOCM_XMAN_20240310_1530.pdf,Smax thực đo từ 01/03 - 10/03 (‰),8,13.41,10.55,11.44,0.0,0.0,0.0,3.47,3.47,3.47,0.0
HCM02,Cát Lái,2024-03-09,2024,3,69,8.82,9.2,10.6,0.0,3.47,0.0,0.0,58.0,0.8,Sài Gòn,HOCM_XMAN_20240310_1530.pdf,Smax thực đo từ 01/03 - 10/03 (‰),9,8.49,6.47,6.38,0.0,0.0,0.0,3.47,3.47,3.47,0.0
HCM04,Long Đại,2024-03-09,2024,3,69,2.21,2.3,2.8,0.0,3.47,0.0,0.0,80.0,1.0,Đồng Nai,HOCM_XMAN_20240310_1530.pdf,Smax thực đo từ 01/03 - 10/03 (‰),9,2.23,1.69,1.7,0.0,0.0,0.0,3.47,3.47,3.47,0.0
HCM03,Lý Nhơn,2024-03-09,2024,3,69,24.97,25.9,26.4,0.0,3.47,0.0,0.0,7.0,0.3,Soài Rạp,HOCM_XMAN_20240310_1530.pdf,Smax thực đo từ 01/03 - 10/03 (‰),9,23.35,17.75,19.1,0.0,0.0,0.0,3.47,3.47,3.47,0.0
HCM01,Nhà Bè,2024-03-09,2024,3,69,14.32,15.5,15.5,0.0,3.47,0.0,0.0,38.0,0.5,Đồng Điền,HOCM_XMAN_20240310_1530.pdf,Smax thực đo từ 01/03 - 10/03 (‰),9,14.92,10.49,11.13,0.0,0.0,0.0,3.47,3.47,3.47,0.0
HCM02,Cát Lái,2024-03-10,2024,3,70,9.03,9.2,10.6,0.0,3.47,0.0,0.0,58.0,0.8,Sài Gòn,HOCM_XMAN_20240310_1530.pdf,Smax thực đo từ 01/03 - 10/03 (‰),10,8.82,6.8,7.17,0.0,0.0,0.0,3.47,3.47,3.47,0.0
HCM04,Long Đại,2024-03-10,2024,3,70,2.28,2.3,2.8,0.0,3.47,0.0,0.0,80.0,1.0,Đồng Nai,HOCM_XMAN_20240310_1530.pdf,Smax thực đo từ 01/03 - 10/03 (‰),10,2.21,1.6,1.76,0.0,0.0,0.0,3.47,3.47,3.47,0.0
HCM03,Lý Nhơn,2024-03-10,2024,3,70,25.9,25.9,26.4,0.0,3.47,0.0,0.0,7.0,0.3,Soài Rạp,HOCM_XMAN_20240310_1530.pdf,Smax thực đo từ 01/03 - 10/03 (‰),10,24.97,19.25,21.46,0.0,0.0,0.0,3.47,3.47,3.47,0.0
HCM01,Nhà Bè,2024-03-10,2024,3,70,15.07,15.5,15.5,0.0,3.47,0.0,0.0,38.0,0.5,Đồng Điền,HOCM_XMAN_20240310_1530.pdf,Smax thực đo từ 01/03 - 10/03 (‰),10,14.32,11.16,12.21,0.0,0.0,0.0,3.47,3.47,3.47,0.0
HCM02,Cát Lái,2024-03-21,2024,3,81,5.96,9.9,9.7,0.0,3.47,0.0,0.0,58.0,0.8,Sài Gòn,HOCM_XMAN_20240331_1530.pdf,Smax thực đo từ 21/03 - 31/03 (‰),1,9.03,7.22,7.62,0.0,0.0,0.0,3.47,3.47,3.47,0.0
HCM04,Long Đại,2024-03-21,2024,3,81,1.75,2.8,2.7,0.0,3.47,0.0,0.0,80.0,1.0,Đồng Nai,HOCM_XMAN_20240331_1530.pdf,Smax thực đo từ 21/03 - 31/03 (‰),1,2.28,1.73,1.71,0.0,0.0,0.0,3.47,3.47,3.47,0.0
HCM03,Lý Nhơn,2024-03-21,2024,3,81,16.55,27.0,27.3,0.0,3.47,0.0,0.0,7.0,0.3,Soài Rạp,HOCM_XMAN_20240331_1530.pdf,Smax thực đo từ 21/03 - 31/03 (‰),1,25.9,19.47,21.93,0.0,0.0,0.0,3.47,3.47,3.47,0.0
HCM01,Nhà Bè,2024-03-21,2024,3,81,9.98,15.8,16.8,0.0,3.47,0.0,0.0,38.0,0.5,Đồng Điền,HOCM_XMAN_20240331_1530.pdf,Smax thực đo từ 21/03 - 31/03 (‰),1,15.07,11.65,13.11,0.0,0.0,0.0,3.47,3.47,3.47,0.0
HCM02,Cát Lái,2024-03-22,2024,3,82,6.75,9.9,9.7,0.0,3.47,0.0,0.0,58.0,0.8,Sài Gòn,HOCM_XMAN_20240331_1530.pdf,Smax thực đo từ 21/03 - 31/03 (‰),2,5.96,7.74,7.59,0.0,0.0,0.0,3.47,3.47,3.47,0.0
HCM04,Long Đại,2024-03-22,2024,3,82,1.96,2.8,2.7,0.0,3.47,0.0,0.0,80.0,1.0,Đồng Nai,HOCM_XMAN_20240331_1530.pdf,Smax thực đo từ 21/03 - 31/03 (‰),2,1.75,1.83,1.83,0.0,0.0,0.0,3.47,3.47,3.47,0.0
HCM03,Lý Nhơn,2024-03-22,2024,3,82,18.81,27.0,27.3,0.0,3.47,0.0,0.0,7.0,0.3,Soài Rạp,HOCM_XMAN_20240331_1530.pdf,Smax thực đo từ 21/03 - 31/03 (‰),2,16.55,19.77,21.97,0.0,0.0,0.0,3.47,3.47,3.47,0.0
HCM01,Nhà Bè,2024-03-22,2024,3,82,10.81,15.8,16.8,0.0,3.47,0.0,0.0,38.0,0.5,Đồng Điền,HOCM_XMAN_20240331_1530.pdf,Smax thực đo từ 21/03 - 31/03 (‰),2,9.98,13.06,13.18,0.0,0.0,0.0,3.47,3.47,3.47,0.0
HCM02,Cát Lái,2024-03-23,2024,3,83,7.31,9.9,9.7,0.0,3.47,0.0,0.0,58.0,0.8,Sài Gòn,HOCM_XMAN_20240331_1530.pdf,Smax thực đo từ 21/03 - 31/03 (‰),3,6.75,7.65,7.82,0.0,0.0,0.0,3.47,3.47,3.47,0.0
HCM04,Long Đại,2024-03-23,2024,3,83,1.95,2.8,2.7,0.0,3.47,0.0,0.0,80.0,1.0,Đồng Nai,HOCM_XMAN_20240331_1530.pdf,Smax thực đo từ 21/03 - 31/03 (‰),3,1.96,1.85,1.97,0.0,0.0,0.0,3.47,3.47,3.47,0.0
HCM03,Lý Nhơn,2024-03-23,2024,3,83,18.14,27.0,27.3,0.0,3.47,0.0,0.0,7.0,0.3,Soài Rạp,HOCM_XMAN_20240331_1530.pdf,Smax thực đo từ 21/03 - 31/03 (‰),3,18.81,21.38,24.24,0.0,0.0,0.0,3.47,3.47,3.47,0.0
HCM01,Nhà Bè,2024-03-23,2024,3,83,10.97,15.8,16.8,0.0,3.47,0.0,0.0,38.0,0.5,Đồng Điền,HOCM_XMAN_20240331_1530.pdf,Smax thực đo từ 21/03 - 31/03 (‰),3,10.81,13.85,13.39,0.0,0.0,0.0,3.47,3.47,3.47,0.0
HCM02,Cát Lái,2024-03-24,2024,3,84,7.92,9.9,9.7,0.0,3.47,0.0,0.0,58.0,0.8,Sài Gòn,HOCM_XMAN_20240331_1530.pdf,Smax thực đo từ 21/03 - 31/03 (‰),4,7.31,7.89,7.92,0.0,0.0,0.0,3.47,3.47,3.47,0.0
HCM04,Long Đại,2024-03-24,2024,3,84,2.11,2.8,2.7,0.0,3.47,0.0,0.0,80.0,1.0,Đồng Nai,HOCM_XMAN_20240331_1530.pdf,Smax thực đo từ 21/03 - 31/03 (‰),4,1.95,2.03,2.0,0.0,0.0,0.0,3.47,3.47,3.47,0.0
HCM03,Lý Nhơn,2024-03-24,2024,3,84,20.25,27.0,27.3,0.0,3.47,0.0,0.0,7.0,0.3,Soài Rạp,HOCM_XMAN_20240331_1530.pdf,Smax thực đo từ 21/03 - 31/03 (‰),4,18.14,23.22,24.28,0.0,0.0,0.0,3.47,3.47,3.47,0.0
HCM01,Nhà Bè,2024-03-24,2024,3,84,12.14,15.8,16.8,0.0,3.47,0.0,0.0,38.0,0.5,Đồng Điền,HOCM_XMAN_20240331_1530.pdf,Smax thực đo từ 21/03 - 31/03 (‰),4,10.97,13.41,14.4,0.0,0.0,0.0,3.47,3.47,3.47,0.0
HCM02,Cát Lái,2024-03-25,2024,3,85,7.91,9.9,9.7,0.0,3.47,0.0,0.0,58.0,0.8,Sài Gòn,HOCM_XMAN_20240331_1530.pdf,Smax thực đo từ 21/03 - 31/03 (‰),5,7.92,8.49,6.43,0.0,0.0,0.0,3.47,3.47,3.47,0.0
HCM04,Long Đại,2024-03-25,2024,3,85,2.26,2.8,2.7,0.0,3.47,0.0,0.0,80.0,1.0,Đồng Nai,HOCM_XMAN_20240331_1530.pdf,Smax thực đo từ 21/03 - 31/03 (‰),5,2.11,2.23,1.51,0.0,0.0,0.0,3.47,3.47,3.47,0.0
HCM03,Lý Nhơn,2024-03-25,2024,3,85,22.02,27.0,27.3,0.0,3.47,0.0,0.0,7.0,0.3,Soài Rạp,HOCM_XMAN_20240331_1530.pdf,Smax thực đo từ 21/03 - 31/03 (‰),5,20.25,23.35,15.61,0.0,0.0,0.0,3.47,3.47,3.47,0.0
HCM01,Nhà Bè,2024-03-25,2024,3,85,12.52,15.8,16.8,0.0,3.47,0.0,0.0,38.0,0.5,Đồng Điền,HOCM_XMAN_20240331_1530.pdf,Smax thực đo từ 21/03 - 31/03 (‰),5,12.14,14.92,10.55,0.0,0.0,0.0,3.47,3.47,3.47,0.0
HCM02,Cát Lái,2024-03-26,2024,3,86,7.99,9.9,9.7,0.0,3.47,0.0,0.0,58.0,0.8,Sài Gòn,HOCM_XMAN_20240331_1530.pdf,Smax thực đo từ 21/03 - 31/03 (‰),6,7.91,8.82,6.47,0.0,0.0,0.0,3.47,3.47,3.47,0.0
HCM04,Long Đại,2024-03-26,2024,3,86,2.36,2.8,2.7,0.0,3.47,0.0,0.0,80.0,1.0,Đồng Nai,HOCM_XMAN_20240331_1530.pdf,Smax thực đo từ 21/03 - 31/03 (‰),6,2.26,2.21,1.69,0.0,0.0,0.0,3.47,3.47,3.47,0.0
HCM03,Lý Nhơn,2024-03-26,2024,3,86,22.74,27.0,27.3,0.0,3.47,0.0,0.0,7.0,0.3,Soài Rạp,HOCM_XMAN_20240331_1530.pdf,Smax thực đo từ 21/03 - 31/03 (‰),6,22.02,24.97,17.75,0.0,0.0,0.0,3.47,3.47,3.47,0.0
HCM01,Nhà Bè,2024-03-26,2024,3,86,12.93,15.8,16.8,0.0,3.47,0.0,0.0,38.0,0.5,Đồng Điền,HOCM_XMAN_20240331_1530.pdf,Smax thực đo từ 21/03 - 31/03 (‰),6,12.52,14.32,10.49,0.0,0.0,0.0,3.47,3.47,3.47,0.0
HCM02,Cát Lái,2024-03-27,2024,3,87,8.63,9.9,9.7,0.0,3.47,0.0,0.0,58.0,0.8,Sài Gòn,HOCM_XMAN_20240331_1530.pdf,Smax thực đo từ 21/03 - 31/03 (‰),7,7.99,9.03,6.8,0.0,0.0,0.0,3.47,3.47,3.47,0.0
HCM04,Long Đại,2024-03-27,2024,3,87,2.54,2.8,2.7,0.0,3.47,0.0,0.0,80.0,1.0,Đồng Nai,HOCM_XMAN_20240331_1530.pdf,Smax thực đo từ 21/03 - 31/03 (‰),7,2.36,2.28,1.6,0.0,0.0,0.0,3.47,3.47,3.47,0.0
HCM03,Lý Nhơn,2024-03-27,2024,3,87,23.55,27.0,27.3,0.0,3.47,0.0,0.0,7.0,0.3,Soài Rạp,HOCM_XMAN_20240331_1530.pdf,Smax thực đo từ 21/03 - 31/03 (‰),7,22.74,25.9,19.25,0.0,0.0,0.0,3.47,3.47,3.47,0.0
HCM01,Nhà Bè,2024-03-27,2024,3,87,14.3,15.8,16.8,0.0,3.47,0.0,0.0,38.0,0.5,Đồng Điền,HOCM_XMAN_20240331_1530.pdf,Smax thực đo từ 21/03 - 31/03 (‰),7,12.93,15.07,11.16,0.0,0.0,0.0,3.47,3.47,3.47,0.0
HCM02,Cát Lái,2024-03-28,2024,3,88,9.26,9.9,9.7,0.0,3.47,0.0,0.0,58.0,0.8,Sài Gòn,HOCM_XMAN_20240331_1530.pdf,Smax thực đo từ 21/03 - 31/03 (‰),8,8.63,5.96,7.22,0.0,0.0,0.0,3.47,3.47,3.47,0.0
HCM04,Long Đại,2024-03-28,2024,3,88,2.54,2.8,2.7,0.0,3.47,0.0,0.0,80.0,1.0,Đồng Nai,HOCM_XMAN_20240331_1530.pdf,Smax thực đo từ 21/03 - 31/03 (‰),8,2.54,1.75,1.73,0.0,0.0,0.0,3.47,3.47,3.47,0.0
HCM03,Lý Nhơn,2024-03-28,2024,3,88,23.01,27.0,27.3,0.0,3.47,0.0,0.0,7.0,0.3,Soài Rạp,HOCM_XMAN_20240331_1530.pdf,Smax thực đo từ 21/03 - 31/03 (‰),8,23.55,16.55,19.47,0.0,0.0,0.0,3.47,3.47,3.47,0.0
HCM01,Nhà Bè,2024-03-28,2024,3,88,13.73,15.8,16.8,0.0,3.47,0.0,0.0,38.0,0.5,Đồng Điền,HOCM_XMAN_20240331_1530.pdf,Smax thực đo từ 21/03 - 31/03 (‰),8,14.3,9.98,11.65,0.0,0.0,0.0,3.47,3.47,3.47,0.0
HCM02,Cát Lái,2024-03-29,2024,3,89,9.58,9.9,9.7,0.0,3.47,0.0,0.0,58.0,0.8,Sài Gòn,HOCM_XMAN_20240331_1530.pdf,Smax thực đo từ 21/03 - 31/03 (‰),9,9.26,6.75,7.74,0.0,0.0,0.0,3.47,3.47,3.47,0.0
HCM04,Long Đại,2024-03-29,2024,3,89,2.61,2.8,2.7,0.0,3.47,0.0,0.0,80.0,1.0,Đồng Nai,HOCM_XMAN_20240331_1530.pdf,Smax thực đo từ 21/03 - 31/03 (‰),9,2.54,1.96,1.83,0.0,0.0,0.0,3.47,3.47,3.47,0.0
HCM03,Lý Nhơn,2024-03-29,2024,3,89,23.89,27.0,27.3,0.0,3.47,0.0,0.0,7.0,0.3,Soài Rạp,HOCM_XMAN_20240331_1530.pdf,Smax thực đo từ 21/03 - 31/03 (‰),9,23.01,18.81,19.77,0.0,0.0,0.0,3.47,3.47,3.47,0.0
HCM01,Nhà Bè,2024-03-29,2024,3,89,14.59,15.8,16.8,0.0,3.47,0.0,0.0,38.0,0.5,Đồng Điền,HOCM_XMAN_20240331_1530.pdf,Smax thực đo từ 21/03 - 31/03 (‰),9,13.73,10.81,13.06,0.0,0.0,0.0,3.47,3.47,3.47,0.0
HCM02,Cát Lái,2024-03-30,2024,3,90,9.48,9.9,9.7,0.0,3.47,0.0,0.0,58.0,0.8,Sài Gòn,HOCM_XMAN_20240331_1530.pdf,Smax thực đo từ 21/03 - 31/03 (‰),10,9.58,7.31,7.65,0.0,0.0,0.0,3.47,3.47,3.47,0.0
HCM04,Long Đại,2024-03-30,2024,3,90,2.72,2.8,2.7,0.0,3.47,0.0,0.0,80.0,1.0,Đồng Nai,HOCM_XMAN_20240331_1530.pdf,Smax thực đo từ 21/03 - 31/03 (‰),10,2.61,1.95,1.85,0.0,0.0,0.0,3.47,3.47,3.47,0.0
HCM03,Lý Nhơn,2024-03-30,2024,3,90,25.82,27.0,27.3,0.0,3.47,0.0,0.0,7.0,0.3,Soài Rạp,HOCM_XMAN_20240331_1530.pdf,Smax thực đo từ 21/03 - 31/03 (‰),10,23.89,18.14,21.38,0.0,0.0,0.0,3.47,3.47,3.47,0.0
HCM01,Nhà Bè,2024-03-30,2024,3,90,14.82,15.8,16.8,0.0,3.47,0.0,0.0,38.0,0.5,Đồng Điền,HOCM_XMAN_20240331_1530.pdf,Smax thực đo từ 21/03 - 31/03 (‰),10,14.59,10.97,13.85,0.0,0.0,0.0,3.47,3.47,3.47,0.0
HCM02,Cát Lái,2024-03-31,2024,3,91,9.74,9.9,9.7,0.0,3.47,0.0,0.0,58.0,0.8,Sài Gòn,HOCM_XMAN_20240331_1530.pdf,Smax thực đo từ 21/03 - 31/03 (‰),11,9.48,7.92,7.89,0.0,0.0,0.0,3.47,3.47,3.47,0.0
HCM04,Long Đại,2024-03-31,2024,3,91,2.75,2.8,2.7,0.0,3.47,0.0,0.0,80.0,1.0,Đồng Nai,HOCM_XMAN_20240331_1530.pdf,Smax thực đo từ 21/03 - 31/03 (‰),11,2.72,2.11,2.03,0.0,0.0,0.0,3.47,3.47,3.47,0.0
HCM03,Lý Nhơn,2024-03-31,2024,3,91,26.92,27.0,27.3,0.0,3.47,0.0,0.0,7.0,0.3,Soài Rạp,HOCM_XMAN_20240331_1530.pdf,Smax thực đo từ 21/03 - 31/03 (‰),11,25.82,20.25,23.22,0.0,0.0,0.0,3.47,3.47,3.47,0.0
HCM01,Nhà Bè,2024-03-31,2024,3,91,15.45,15.8,16.8,0.0,3.47,0.0,0.0,38.0,0.5,Đồng Điền,HOCM_XMAN_20240331_1530.pdf,Smax thực đo từ 21/03 - 31/03 (‰),11,14.82,12.14,13.41,0.0,0.0,0.0,3.47,3.47,3.47,0.0
HCM02,Cát Lái,2025-03-01,2025,3,60,4.65,6.9,7.2,0.0,3.47,0.0,0.0,58.0,0.8,Sài Gòn,HOCM_XMAN_20250310_1530.pdf,Smax thực đo từ 01/03 - 10/03 (‰),1,9.74,7.91,8.49,0.0,0.0,0.0,3.47,3.47,3.47,0.0
HCM04,Long Đại,2025-03-01,2025,3,60,1.03,1.5,2.2,0.0,3.47,0.0,0.0,80.0,1.0,Đồng Nai,HOCM_XMAN_20250310_1530.pdf,Smax thực đo từ 01/03 - 10/03 (‰),1,2.75,2.26,2.23,0.0,0.0,0.0,3.47,3.47,3.47,0.0
HCM03,Lý Nhơn,2025-03-01,2025,3,60,16.1,23.2,24.1,0.0,3.47,0.0,0.0,7.0,0.3,Soài Rạp,HOCM_XMAN_20250310_1530.pdf,Smax thực đo từ 01/03 - 10/03 (‰),1,26.92,22.02,23.35,0.0,0.0,0.0,3.47,3.47,3.47,0.0
HCM01,Nhà Bè,2025-03-01,2025,3,60,7.93,11.7,12.3,0.0,3.47,0.0,0.0,38.0,0.5,Đồng Điền,HOCM_XMAN_20250310_1530.pdf,Smax thực đo từ 01/03 - 10/03 (‰),1,15.45,12.52,14.92,0.0,0.0,0.0,3.47,3.47,3.47,0.0
HCM02,Cát Lái,2025-03-02,2025,3,61,4.81,6.9,7.2,0.0,3.47,0.0,0.0,58.0,0.8,Sài Gòn,HOCM_XMAN_20250310_1530.pdf,Smax thực đo từ 01/03 - 10/03 (‰),2,4.65,7.99,8.82,0.0,0.0,0.0,3.47,3.47,3.47,0.0
HCM04,Long Đại,2025-03-02,2025,3,61,1.1,1.5,2.2,0.0,3.47,0.0,0.0,80.0,1.0,Đồng Nai,HOCM_XMAN_20250310_1530.pdf,Smax thực đo từ 01/03 - 10/03 (‰),2,1.03,2.36,2.21,0.0,0.0,0.0,3.47,3.47,3.47,0.0
HCM03,Lý Nhơn,2025-03-02,2025,3,61,16.94,23.2,24.1,0.0,3.47,0.0,0.0,7.0,0.3,Soài Rạp,HOCM_XMAN_20250310_1530.pdf,Smax thực đo từ 01/03 - 10/03 (‰),2,16.1,22.74,24.97,0.0,0.0,0.0,3.47,3.47,3.47,0.0
HCM01,Nhà Bè,2025-03-02,2025,3,61,7.53,11.7,12.3,0.0,3.47,0.0,0.0,38.0,0.5,Đồng Điền,HOCM_XMAN_20250310_1530.pdf,Smax thực đo từ 01/03 - 10/03 (‰),2,7.93,12.93,14.32,0.0,0.0,0.0,3.47,3.47,3.47,0.0
HCM02,Cát Lái,2025-03-03,2025,3,62,4.75,6.9,7.2,0.0,3.47,0.0,0.0,58.0,0.8,Sài Gòn,HOCM_XMAN_20250310_1530.pdf,Smax thực đo từ 01/03 - 10/03 (‰),3,4.81,8.63,9.03,0.0,0.0,0.0,3.47,3.47,3.47,0.0
HCM04,Long Đại,2025-03-03,2025,3,62,1.07,1.5,2.2,0.0,3.47,0.0,0.0,80.0,1.0,Đồng Nai,HOCM_XMAN_20250310_1530.pdf,Smax thực đo từ 01/03 - 10/03 (‰),3,1.1,2.54,2.28,0.0,0.0,0.0,3.47,3.47,3.47,0.0
HCM03,Lý Nhơn,2025-03-03,2025,3,62,17.28,23.2,24.1,0.0,3.47,0.0,0.0,7.0,0.3,Soài Rạp,HOCM_XMAN_20250310_1530.pdf,Smax thực đo từ 01/03 - 10/03 (‰),3,16.94,23.55,25.9,0.0,0.0,0.0,3.47,3.47,3.47,0.0
HCM01,Nhà Bè,2025-03-03,2025,3,62,8.26,11.7,12.3,0.0,3.47,0.0,0.0,38.0,0.5,Đồng Điền,HOCM_XMAN_20250310_1530.pdf,Smax thực đo từ 01/03 - 10/03 (‰),3,7.53,14.3,15.07,0.0,0.0,0.0,3.47,3.47,3.47,0.0
HCM02,Cát Lái,2025-03-04,2025,3,63,5.51,6.9,7.2,0.0,3.47,0.0,0.0,58.0,0.8,Sài Gòn,HOCM_XMAN_20250310_1530.pdf,Smax thực đo từ 01/03 - 10/03 (‰),4,4.75,9.26,5.96,0.0,0.0,0.0,3.47,3.47,3.47,0.0
HCM04,Long Đại,2025-03-04,2025,3,63,1.15,1.5,2.2,0.0,3.47,0.0,0.0,80.0,1.0,Đồng Nai,HOCM_XMAN_20250310_1530.pdf,Smax thực đo từ 01/03 - 10/03 (‰),4,1.07,2.54,1.75,0.0,0.0,0.0,3.47,3.47,3.47,0.0
HCM03,Lý Nhơn,2025-03-04,2025,3,63,17.84,23.2,24.1,0.0,3.47,0.0,0.0,7.0,0.3,Soài Rạp,HOCM_XMAN_20250310_1530.pdf,Smax thực đo từ 01/03 - 10/03 (‰),4,17.28,23.01,16.55,0.0,0.0,0.0,3.47,3.47,3.47,0.0
HCM01,Nhà Bè,2025-03-04,2025,3,63,9.46,11.7,12.3,0.0,3.47,0.0,0.0,38.0,0.5,Đồng Điền,HOCM_XMAN_20250310_1530.pdf,Smax thực đo từ 01/03 - 10/03 (‰),4,8.26,13.73,9.98,0.0,0.0,0.0,3.47,3.47,3.47,0.0
HCM02,Cát Lái,2025-03-05,2025,3,64,5.82,6.9,7.2,0.0,3.47,0.0,0.0,58.0,0.8,Sài Gòn,HOCM_XMAN_20250310_1530.pdf,Smax thực đo từ 01/03 - 10/03 (‰),5,5.51,9.58,6.75,0.0,0.0,0.0,3.47,3.47,3.47,0.0
HCM04,Long Đại,2025-03-05,2025,3,64,1.18,1.5,2.2,0.0,3.47,0.0,0.0,80.0,1.0,Đồng Nai,HOCM_XMAN_20250310_1530.pdf,Smax thực đo từ 01/03 - 10/03 (‰),5,1.15,2.61,1.96,0.0,0.0,0.0,3.47,3.47,3.47,0.0
HCM03,Lý Nhơn,2025-03-05,2025,3,64,19.3,23.2,24.1,0.0,3.47,0.0,0.0,7.0,0.3,Soài Rạp,HOCM_XMAN_20250310_1530.pdf,Smax thực đo từ 01/03 - 10/03 (‰),5,17.84,23.89,18.81,0.0,0.0,0.0,3.47,3.47,3.47,0.0
HCM01,Nhà Bè,2025-03-05,2025,3,64,9.1,11.7,12.3,0.0,3.47,0.0,0.0,38.0,0.5,Đồng Điền,HOCM_XMAN_20250310_1530.pdf,Smax thực đo từ 01/03 - 10/03 (‰),5,9.46,14.59,10.81,0.0,0.0,0.0,3.47,3.47,3.47,0.0
HCM02,Cát Lái,2025-03-06,2025,3,65,5.97,6.9,7.2,0.0,3.47,0.0,0.0,58.0,0.8,Sài Gòn,HOCM_XMAN_20250310_1530.pdf,Smax thực đo từ 01/03 - 10/03 (‰),6,5.82,9.48,7.31,0.0,0.0,0.0,3.47,3.47,3.47,0.0
HCM04,Long Đại,2025-03-06,2025,3,65,1.22,1.5,2.2,0.0,3.47,0.0,0.0,80.0,1.0,Đồng Nai,HOCM_XMAN_20250310_1530.pdf,Smax thực đo từ 01/03 - 10/03 (‰),6,1.18,2.72,1.95,0.0,0.0,0.0,3.47,3.47,3.47,0.0
HCM03,Lý Nhơn,2025-03-06,2025,3,65,20.62,23.2,24.1,0.0,3.47,0.0,0.0,7.0,0.3,Soài Rạp,HOCM_XMAN_20250310_1530.pdf,Smax thực đo từ 01/03 - 10/03 (‰),6,19.3,25.82,18.14,0.0,0.0,0.0,3.47,3.47,3.47,0.0
HCM01,Nhà Bè,2025-03-06,2025,3,65,9.67,11.7,12.3,0.0,3.47,0.0,0.0,38.0,0.5,Đồng Điền,HOCM_XMAN_20250310_1530.pdf,Smax thực đo từ 01/03 - 10/03 (‰),6,9.1,14.82,10.97,0.0,0.0,0.0,3.47,3.47,3.47,0.0
HCM02,Cát Lái,2025-03-07,2025,3,66,6.01,6.9,7.2,0.0,3.47,0.0,0.0,58.0,0.8,Sài Gòn,HOCM_XMAN_20250310_1530.pdf,Smax thực đo từ 01/03 - 10/03 (‰),7,5.97,9.74,7.92,0.0,0.0,0.0,3.47,3.47,3.47,0.0
HCM04,Long Đại,2025-03-07,2025,3,66,1.32,1.5,2.2,0.0,3.47,0.0,0.0,80.0,1.0,Đồng Nai,HOCM_XMAN_20250310_1530.pdf,Smax thực đo từ 01/03 - 10/03 (‰),7,1.22,2.75,2.11,0.0,0.0,0.0,3.47,3.47,3.47,0.0
HCM03,Lý Nhơn,2025-03-07,2025,3,66,19.88,23.2,24.1,0.0,3.47,0.0,0.0,7.0,0.3,Soài Rạp,HOCM_XMAN_20250310_1530.pdf,Smax thực đo từ 01/03 - 10/03 (‰),7,20.62,26.92,20.25,0.0,0.0,0.0,3.47,3.47,3.47,0.0
HCM01,Nhà Bè,2025-03-07,2025,3,66,10.13,11.7,12.3,0.0,3.47,0.0,0.0,38.0,0.5,Đồng Điền,HOCM_XMAN_20250310_1530.pdf,Smax thực đo từ 01/03 - 10/03 (‰),7,9.67,15.45,12.14,0.0,0.0,0.0,3.47,3.47,3.47,0.0
HCM02,Cát Lái,2025-03-08,2025,3,67,6.04,6.9,7.2,0.0,3.47,0.0,0.0,58.0,0.8,Sài Gòn,HOCM_XMAN_20250310_1530.pdf,Smax thực đo từ 01/03 - 10/03 (‰),8,6.01,4.65,7.91,0.0,0.0,0.0,3.47,3.47,3.47,0.0
HCM04,Long Đại,2025-03-08,2025,3,67,1.44,1.5,2.2,0.0,3.47,0.0,0.0,80.0,1.0,Đồng Nai,HOCM_XMAN_20250310_1530.pdf,Smax thực đo từ 01/03 - 10/03 (‰),8,1.32,1.03,2.26,0.0,0.0,0.0,3.47,3.47,3.47,0.0
HCM03,Lý Nhơn,2025-03-08,2025,3,67,20.39,23.2,24.1,0.0,3.47,0.0,0.0,7.0,0.3,Soài Rạp,HOCM_XMAN_20250310_1530.pdf,Smax thực đo từ 01/03 - 10/03 (‰),8,19.88,16.1,22.02,0.0,0.0,0.0,3.47,3.47,3.47,0.0
HCM01,Nhà Bè,2025-03-08,2025,3,67,10.75,11.7,12.3,0.0,3.47,0.0,0.0,38.0,0.5,Đồng Điền,HOCM_XMAN_20250310_1530.pdf,Smax thực đo từ 01/03 - 10/03 (‰),8,10.13,7.93,12.52,0.0,0.0,0.0,3.47,3.47,3.47,0.0
HCM02,Cát Lái,2025-03-09,2025,3,68,6.57,6.9,7.2,0.0,3.47,0.0,0.0,58.0,0.8,Sài Gòn,HOCM_XMAN_20250310_1530.pdf,Smax thực đo từ 01/03 - 10/03 (‰),9,6.04,4.81,7.99,0.0,0.0,0.0,3.47,3.47,3.47,0.0
HCM04,Long Đại,2025-03-09,2025,3,68,1.44,1.5,2.2,0.0,3.47,0.0,0.0,80.0,1.0,Đồng Nai,HOCM_XMAN_20250310_1530.pdf,Smax thực đo từ 01/03 - 10/03 (‰),9,1.44,1.1,2.36,0.0,0.0,0.0,3.47,3.47,3.47,0.0
HCM03,Lý Nhơn,2025-03-09,2025,3,68,23.2,23.2,24.1,0.0,3.47,0.0,0.0,7.0,0.3,Soài Rạp,HOCM_XMAN_20250310_1530.pdf,Smax thực đo từ 01/03 - 10/03 (‰),9,20.39,16.94,22.74,0.0,0.0,0.0,3.47,3.47,3.47,0.0
HCM01,Nhà Bè,2025-03-09,2025,3,68,11.7,11.7,12.3,0.0,3.47,0.0,0.0,38.0,0.5,Đồng Điền,HOCM_XMAN_20250310_1530.pdf,Smax thực đo từ 01/03 - 10/03 (‰),9,10.75,7.53,12.93,0.0,0.0,0.0,3.47,3.47,3.47,0.0
HCM02,Cát Lái,2025-03-10,2025,3,69,6.81,6.9,7.2,0.0,3.47,0.0,0.0,58.0,0.8,Sài Gòn,HOCM_XMAN_20250310_1530.pdf,Smax thực đo từ 01/03 - 10/03 (‰),10,6.57,4.75,8.63,0.0,0.0,0.0,3.47,3.47,3.47,0.0
HCM04,Long Đại,2025-03-10,2025,3,69,1.5,1.5,2.2,0.0,3.47,0.0,0.0,80.0,1.0,Đồng Nai,HOCM_XMAN_20250310_1530.pdf,Smax thực đo từ 01/03 - 10/03 (‰),10,1.44,1.07,2.54,0.0,0.0,0.0,3.47,3.47,3.47,0.0
HCM03,Lý Nhơn,2025-03-10,2025,3,69,23.2,23.2,24.1,0.0,3.47,0.0,0.0,7.0,0.3,Soài Rạp,HOCM_XMAN_20250310_1530.pdf,Smax thực đo từ 01/03 - 10/03 (‰),10,23.2,17.28,23.55,0.0,0.0,0.0,3.47,3.47,3.47,0.0
HCM01,Nhà Bè,2025-03-10,2025,3,69,11.39,11.7,12.3,0.0,3.47,0.0,0.0,38.0,0.5,Đồng Điền,HOCM_XMAN_20250310_1530.pdf,Smax thực đo từ 01/03 - 10/03 (‰),10,11.7,8.26,14.3,0.0,0.0,0.0,3.47,3.47,3.47,0.0
HCM02,Cát Lái,2026-01-11,2026,1,11,3.39,5.1,6.6,0.0,3.47,0.0,0.0,58.0,0.8,Sài Gòn,HOCM_XMAN_20260120_1530.pdf,Smax thực đo từ 11/01 - 20/01 (‰),1,6.81,5.51,9.26,0.0,0.0,0.0,3.47,3.47,3.47,0.0
HCM04,Long Đại,2026-01-11,2026,1,11,0.0,0.0,0.0,0.0,3.47,0.0,0.0,80.0,1.0,Đồng Nai,HOCM_XMAN_20260120_1530.pdf,Smax thực đo từ 11/01 - 20/01 (‰),1,1.5,1.15,2.54,0.0,0.0,0.0,3.47,3.47,3.47,0.0
HCM03,Lý Nhơn,2026-01-11,2026,1,11,10.96,18.0,18.9,0.0,3.47,0.0,0.0,7.0,0.3,Soài Rạp,HOCM_XMAN_20260120_1530.pdf,Smax thực đo từ 11/01 - 20/01 (‰),1,23.2,17.84,23.01,0.0,0.0,0.0,3.47,3.47,3.47,0.0
HCM01,Nhà Bè,2026-01-11,2026,1,11,4.47,7.3,8.6,84.0,3.47,0.0,71.92,38.0,0.5,Đồng Điền,HOCM_XMAN_20260120_1530.pdf,Smax thực đo từ 11/01 - 20/01 (‰),1,11.39,9.46,13.73,0.0,0.0,0.0,3.47,3.47,3.47,0.0
HCM02,Cát Lái,2026-01-12,2026,1,12,3.29,5.1,6.6,0.0,3.47,0.0,0.0,58.0,0.8,Sài Gòn,HOCM_XMAN_20260120_1530.pdf,Smax thực đo từ 11/01 - 20/01 (‰),2,3.39,5.82,9.58,0.0,0.0,0.0,3.47,3.47,3.47,0.0
HCM04,Long Đại,2026-01-12,2026,1,12,0.0,0.0,0.0,0.0,3.47,0.0,0.0,80.0,1.0,Đồng Nai,HOCM_XMAN_20260120_1530.pdf,Smax thực đo từ 11/01 - 20/01 (‰),2,0.0,1.18,2.61,0.0,0.0,0.0,3.47,3.47,3.47,0.0
HCM03,Lý Nhơn,2026-01-12,2026,1,12,12.37,18.0,18.9,0.0,3.47,0.0,0.0,7.0,0.3,Soài Rạp,HOCM_XMAN_20260120_1530.pdf,Smax thực đo từ 11/01 - 20/01 (‰),2,10.96,19.3,23.89,0.0,0.0,0.0,3.47,3.47,3.47,0.0
HCM01,Nhà Bè,2026-01-12,2026,1,12,5.25,7.3,8.6,76.0,3.47,0.0,71.91,38.0,0.5,Đồng Điền,HOCM_XMAN_20260120_1530.pdf,Smax thực đo từ 11/01 - 20/01 (‰),2,4.47,9.1,14.59,84.0,0.0,0.0,3.47,3.47,3.47,0.0
HCM02,Cát Lái,2026-01-13,2026,1,13,3.94,5.1,6.6,0.0,3.47,0.0,0.0,58.0,0.8,Sài Gòn,HOCM_XMAN_20260120_1530.pdf,Smax thực đo từ 11/01 - 20/01 (‰),3,3.29,5.97,9.48,0.0,0.0,0.0,3.47,3.47,3.47,0.0
HCM04,Long Đại,2026-01-13,2026,1,13,0.0,0.0,0.0,0.0,3.47,0.0,0.0,80.0,1.0,Đồng Nai,HOCM_XMAN_20260120_1530.pdf,Smax thực đo từ 11/01 - 20/01 (‰),3,0.0,1.22,2.72,0.0,0.0,0.0,3.47,3.47,3.47,0.0
HCM03,Lý Nhơn,2026-01-13,2026,1,13,13.46,18.0,18.9,0.0,3.47,0.0,0.0,7.0,0.3,Soài Rạp,HOCM_XMAN_20260120_1530.pdf,Smax thực đo từ 11/01 - 20/01 (‰),3,12.37,20.62,25.82,0.0,0.0,0.0,3.47,3.47,3.47,0.0
HCM01,Nhà Bè,2026-01-13,2026,1,13,4.98,7.3,8.6,75.0,3.47,0.0,71.86,38.0,0.5,Đồng Điền,HOCM_XMAN_20260120_1530.pdf,Smax thực đo từ 11/01 - 20/01 (‰),3,5.25,9.67,14.82,76.0,0.0,0.0,3.47,3.47,3.47,0.0
HCM02,Cát Lái,2026-01-14,2026,1,14,3.69,5.1,6.6,0.0,3.47,0.0,0.0,58.0,0.8,Sài Gòn,HOCM_XMAN_20260120_1530.pdf,Smax thực đo từ 11/01 - 20/01 (‰),4,3.94,6.01,9.74,0.0,0.0,0.0,3.47,3.47,3.47,0.0
HCM04,Long Đại,2026-01-14,2026,1,14,0.0,0.0,0.0,0.0,3.47,0.0,0.0,80.0,1.0,Đồng Nai,HOCM_XMAN_20260120_1530.pdf,Smax thực đo từ 11/01 - 20/01 (‰),4,0.0,1.32,2.75,0.0,0.0,0.0,3.47,3.47,3.47,0.0
HCM03,Lý Nhơn,2026-01-14,2026,1,14,13.79,18.0,18.9,0.0,3.47,0.0,0.0,7.0,0.3,Soài Rạp,HOCM_XMAN_20260120_1530.pdf,Smax thực đo từ 11/01 - 20/01 (‰),4,13.46,19.88,26.92,0.0,0.0,0.0,3.47,3.47,3.47,0.0
HCM01,Nhà Bè,2026-01-14,2026,1,14,5.7,7.3,8.6,74.0,3.47,0.0,71.85,38.0,0.5,Đồng Điền,HOCM_XMAN_20260120_1530.pdf,Smax thực đo từ 11/01 - 20/01 (‰),4,4.98,10.13,15.45,75.0,0.0,0.0,3.47,3.47,3.47,0.0
HCM02,Cát Lái,2026-01-15,2026,1,15,3.99,5.1,6.6,0.0,3.47,0.0,0.0,58.0,0.8,Sài Gòn,HOCM_XMAN_20260120_1530.pdf,Smax thực đo từ 11/01 - 20/01 (‰),5,3.69,6.04,4.65,0.0,0.0,0.0,3.47,3.47,3.47,0.0
HCM04,Long Đại,2026-01-15,2026,1,15,0.0,0.0,0.0,0.0,3.47,0.0,0.0,80.0,1.0,Đồng Nai,HOCM_XMAN_20260120_1530.pdf,Smax thực đo từ 11/01 - 20/01 (‰),5,0.0,1.44,1.03,0.0,0.0,0.0,3.47,3.47,3.47,0.0
HCM03,Lý Nhơn,2026-01-15,2026,1,15,15.06,18.0,18.9,0.0,3.47,0.0,0.0,7.0,0.3,Soài Rạp,HOCM_XMAN_20260120_1530.pdf,Smax thực đo từ 11/01 - 20/01 (‰),5,13.79,20.39,16.1,0.0,0.0,0.0,3.47,3.47,3.47,0.0
HCM01,Nhà Bè,2026-01-15,2026,1,15,5.71,7.3,8.6,74.0,3.47,0.0,71.85,38.0,0.5,Đồng Điền,HOCM_XMAN_20260120_1530.pdf,Smax thực đo từ 11/01 - 20/01 (‰),5,5.7,10.75,7.93,74.0,0.0,0.0,3.47,3.47,3.47,0.0
HCM02,Cát Lái,2026-01-16,2026,1,16,4.39,5.1,6.6,0.0,3.47,0.0,0.0,58.0,0.8,Sài Gòn,HOCM_XMAN_20260120_1530.pdf,Smax thực đo từ 11/01 - 20/01 (‰),6,3.99,6.57,4.81,0.0,0.0,0.0,3.47,3.47,3.47,0.0
HCM04,Long Đại,2026-01-16,2026,1,16,0.0,0.0,0.0,0.0,3.47,0.0,0.0,80.0,1.0,Đồng Nai,HOCM_XMAN_20260120_1530.pdf,Smax thực đo từ 11/01 - 20/01 (‰),6,0.0,1.44,1.1,0.0,0.0,0.0,3.47,3.47,3.47,0.0
HCM03,Lý Nhơn,2026-01-16,2026,1,16,14.83,18.0,18.9,0.0,3.47,0.0,0.0,7.0,0.3,Soài Rạp,HOCM_XMAN_20260120_1530.pdf,Smax thực đo từ 11/01 - 20/01 (‰),6,15.06,23.2,16.94,0.0,0.0,0.0,3.47,3.47,3.47,0.0
HCM01,Nhà Bè,2026-01-16,2026,1,16,6.33,7.3,8.6,77.0,3.47,0.0,71.71,38.0,0.5,Đồng Điền,HOCM_XMAN_20260120_1530.pdf,Smax thực đo từ 11/01 - 20/01 (‰),6,5.71,11.7,7.53,74.0,0.0,0.0,3.47,3.47,3.47,0.0
HCM02,Cát Lái,2026-01-17,2026,1,17,4.43,5.1,6.6,0.0,3.47,0.0,0.0,58.0,0.8,Sài Gòn,HOCM_XMAN_20260120_1530.pdf,Smax thực đo từ 11/01 - 20/01 (‰),7,4.39,6.81,4.75,0.0,0.0,0.0,3.47,3.47,3.47,0.0
HCM04,Long Đại,2026-01-17,2026,1,17,0.0,0.0,0.0,0.0,3.47,0.0,0.0,80.0,1.0,Đồng Nai,HOCM_XMAN_20260120_1530.pdf,Smax thực đo từ 11/01 - 20/01 (‰),7,0.0,1.5,1.07,0.0,0.0,0.0,3.47,3.47,3.47,0.0
HCM03,Lý Nhơn,2026-01-17,2026,1,17,15.45,18.0,18.9,0.0,3.47,0.0,0.0,7.0,0.3,Soài Rạp,HOCM_XMAN_20260120_1530.pdf,Smax thực đo từ 11/01 - 20/01 (‰),7,14.83,23.2,17.28,0.0,0.0,0.0,3.47,3.47,3.47,0.0
HCM01,Nhà Bè,2026-01-17,2026,1,17,6.31,7.3,8.6,67.0,3.47,0.0,71.66,38.0,0.5,Đồng Điền,HOCM_XMAN_20260120_1530.pdf,Smax thực đo từ 11/01 - 20/01 (‰),7,6.33,11.39,8.26,77.0,0.0,0.0,3.47,3.47,3.47,0.0
HCM02,Cát Lái,2026-01-18,2026,1,18,4.84,5.1,6.6,0.0,3.47,0.0,0.0,58.0,0.8,Sài Gòn,HOCM_XMAN_20260120_1530.pdf,Smax thực đo từ 11/01 - 20/01 (‰),8,4.43,3.39,5.51,0.0,0.0,0.0,3.47,3.47,3.47,0.0
HCM04,Long Đại,2026-01-18,2026,1,18,0.0,0.0,0.0,0.0,3.47,0.0,0.0,80.0,1.0,Đồng Nai,HOCM_XMAN_20260120_1530.pdf,Smax thực đo từ 11/01 - 20/01 (‰),8,0.0,0.0,1.15,0.0,0.0,0.0,3.47,3.47,3.47,0.0
HCM03,Lý Nhơn,2026-01-18,2026,1,18,17.22,18.0,18.9,0.0,3.47,0.0,0.0,7.0,0.3,Soài Rạp,HOCM_XMAN_20260120_1530.pdf,Smax thực đo từ 11/01 - 20/01 (‰),8,15.45,10.96,17.84,0.0,0.0,0.0,3.47,3.47,3.47,0.0
HCM01,Nhà Bè,2026-01-18,2026,1,18,6.49,7.3,8.6,78.0,3.47,0.0,71.63,38.0,0.5,Đồng Điền,HOCM_XMAN_20260120_1530.pdf,Smax thực đo từ 11/01 - 20/01 (‰),8,6.31,4.47,9.46,67.0,84.0,0.0,3.47,3.47,3.47,0.0
HCM02,Cát Lái,2026-01-19,2026,1,19,4.91,5.1,6.6,0.0,3.47,0.0,0.0,58.0,0.8,Sài Gòn,HOCM_XMAN_20260120_1530.pdf,Smax thực đo từ 11/01 - 20/01 (‰),9,4.84,3.29,5.82,0.0,0.0,0.0,3.47,3.47,3.47,0.0
HCM04,Long Đại,2026-01-19,2026,1,19,0.0,0.0,0.0,0.0,3.47,0.0,0.0,80.0,1.0,Đồng Nai,HOCM_XMAN_20260120_1530.pdf,Smax thực đo từ 11/01 - 20/01 (‰),9,0.0,0.0,1.18,0.0,0.0,0.0,3.47,3.47,3.47,0.0
HCM03,Lý Nhơn,2026-01-19,2026,1,19,16.93,18.0,18.9,0.0,3.47,0.0,0.0,7.0,0.3,Soài Rạp,HOCM_XMAN_20260120_1530.pdf,Smax thực đo từ 11/01 - 20/01 (‰),9,17.22,12.37,19.3,0.0,0.0,0.0,3.47,3.47,3.47,0.0
HCM01,Nhà Bè,2026-01-19,2026,1,19,7.13,7.3,8.6,78.0,3.47,0.0,71.63,38.0,0.5,Đồng Điền,HOCM_XMAN_20260120_1530.pdf,Smax thực đo từ 11/01 - 20/01 (‰),9,6.49,5.25,9.1,78.0,76.0,0.0,3.47,3.47,3.47,0.0
HCM02,Cát Lái,2026-01-20,2026,1,20,4.97,5.1,6.6,0.0,3.47,0.0,0.0,58.0,0.8,Sài Gòn,HOCM_XMAN_20260120_1530.pdf,Smax thực đo từ 11/01 - 20/01 (‰),10,4.91,3.94,5.97,0.0,0.0,0.0,3.47,3.47,3.47,0.0
HCM04,Long Đại,2026-01-20,2026,1,20,0.0,0.0,0.0,0.0,3.47,0.0,0.0,80.0,1.0,Đồng Nai,HOCM_XMAN_20260120_1530.pdf,Smax thực đo từ 11/01 - 20/01 (‰),10,0.0,0.0,1.22,0.0,0.0,0.0,3.47,3.47,3.47,0.0
HCM03,Lý Nhơn,2026-01-20,2026,1,20,18.0,18.0,18.9,0.0,3.47,0.0,0.0,7.0,0.3,Soài Rạp,HOCM_XMAN_20260120_1530.pdf,Smax thực đo từ 11/01 - 20/01 (‰),10,16.93,13.46,20.62,0.0,0.0,0.0,3.47,3.47,3.47,0.0
HCM01,Nhà Bè,2026-01-20,2026,1,20,7.16,7.3,8.6,68.0,3.47,0.0,71.52,38.0,0.5,Đồng Điền,HOCM_XMAN_20260120_1530.pdf,Smax thực đo từ 11/01 - 20/01 (‰),10,7.13,4.98,9.67,78.0,75.0,0.0,3.47,3.47,3.47,0.0
