station,rain_mm,reservoir,river,basin,water_level_m,inflow_m3s,turbine_flow_m3s,discharge_m3s,source_file,note
Mạc Đĩnh Chi,56.8,Trị An,Đồng Nai,Đồng Nai,64.0,1474.0,365.0,0.0,HCMC_TVHN_20250929.pdf,
Tân Sơn Hòa,33.0,Thác Mơ,Bé,Đồng Nai,214.79,679.0,68.0,0.0,HCMC_TVHN_20250929.pdf,
Nhà Bè,11.4,Sr.P.Miêng,Bé,Đồng Nai,71.97,497.0,294.0,198.0,HCMC_TVHN_20250929.pdf,
Thủ Dầu Một,5.0,Dầu Tiếng,Sài Gòn,TPHCM,22.02,243.0,,20.0,HCMC_TVHN_20250929.pdf,
Mạc Đĩnh Chi,12.4,Trị An,Đồng Nai,Đồng Nai,60.74,1667.0,466.0,0.0,HCMC_TVHN_20250930.pdf,
Tân Sơn Hòa,5.0,Thác Mơ,Bé,Đồng Nai,215.12,440.0,94.0,0.0,HCMC_TVHN_20250930.pdf,
Nhà Bè,6.0,Sr.P.Miêng,Bé,Đồng Nai,71.95,390.0,287.0,107.0,HCMC_TVHN_20250930.pdf,
Vũng Tàu,8.0,Dầu Tiếng,Sài Gòn,TPHCM,22.08,234.0,,20.0,HCMC_TVHN_20250930.pdf,
Mạc Đĩnh Chi,0.6,Trị An,Đồng Nai,Đồng Nai,61.08,1910.0,470.0,130.0,HCMC_TVHN_20251001.pdf,
Tân Sơn Hòa,0.0,Thác Mơ,Bé,Đồng Nai,215.35,385.0,130.0,0.0,HCMC_TVHN_20251001.pdf,
Nhà Bè,8.0,Sr.P.Miêng,Bé,Đồng Nai,71.98,322.0,280.0,37.0,HCMC_TVHN_20251001.pdf,
Vũng Tàu,3.0,Dầu Tiếng,Sài Gòn,TPHCM,22.16,280.0,,21.0,HCMC_TVHN_20251001.pdf,
Mạc Đĩnh Chi,36.0,Trị An,Đồng Nai,Đồng Nai,61.28,1804.0,752.0,320.0,HCMC_TVHN_20251002.pdf,
Tân Sơn Hòa,4.0,Thác Mơ,Bé,Đồng Nai,215.57,366.0,130.0,0.0,HCMC_TVHN_20251002.pdf,
Nhà Bè,19.0,Sr.P.Miêng,Bé,Đồng Nai,71.9,294.0,279.0,28.0,HCMC_TVHN_20251002.pdf,
Vũng Tàu,3.0,Dầu Tiếng,Sài Gòn,TPHCM,22.27,267.0,,21.0,HCMC_TVHN_20251002.pdf,
Mạc Đĩnh Chi,34.4,Trị An,Đồng Nai,Đồng Nai,61.42,1709.0,741.0,470.0,HCMC_TVHN_20251003.pdf,
Tân Sơn Hòa,8.0,Thác Mơ,Bé,Đồng Nai,215.77,343.0,128.0,0.0,HCMC_TVHN_20251003.pdf,
Nhà Bè,,Sr.P.Miêng,Bé,Đồng Nai,71.96,288.0,278.0,0.0,HCMC_TVHN_20251003.pdf,
Vũng Tàu,,Dầu Tiếng,Sài Gòn,TPHCM,22.36,225.0,,20.0,HCMC_TVHN_20251003.pdf,
Mạc Đĩnh Chi,10.6,Trị An,Đồng Nai,Đồng Nai,61.38,1203.0,754.0,580.0,HCMC_TVHN_20251004.pdf,
Tân Sơn Hòa,5.0,Thác Mơ,Bé,Đồng Nai,215.96,345.0,133.0,0.0,HCMC_TVHN_20251004.pdf,
Nhà Bè,20.0,Sr.P.Miêng,Bé,Đồng Nai,71.86,324.0,282.0,28.0,HCMC_TVHN_20251004.pdf,
Vũng Tàu,2.0,Dầu Tiếng,Sài Gòn,TPHCM,22.48,296.0,,21.0,HCMC_TVHN_20251004.pdf,
Mạc Đĩnh Chi,,Trị An,Đồng Nai,Đồng Nai,61.42,1297.0,741.0,490.0,HCMC_TVHN_20251006.pdf,
Tân Sơn Hòa,,Thác Mơ,Bé,Đồng Nai,216.37,326.0,67.0,0.0,HCMC_TVHN_20251006.pdf,
Nhà Bè,,Sr.P.Miêng,Bé,Đồng Nai,71.94,277.0,276.0,0.0,HCMC_TVHN_20251006.pdf,
Vũng Tàu,4.0,Dầu Tiếng,Sài Gòn,TPHCM,22.53,118.0,,21.0,HCMC_TVHN_20251006.pdf,
Mạc Đĩnh Chi,6.4,Trị An,Đồng Nai,Đồng Nai,61.41,1126.0,732.0,420.0,HCMC_TVHN_20251007.pdf,
Tân Sơn Hòa,,Thác Mơ,Bé,Đồng Nai,216.51,244.0,83.0,0.0,HCMC_TVHN_20251007.pdf,
Nhà Bè,25.0,Sr.P.Miêng,Bé,Đồng Nai,71.92,273.0,276.0,0.0,HCMC_TVHN_20251007.pdf,
Vũng Tàu,,Dầu Tiếng,Sài Gòn,TPHCM,22.54,67.0,,21.0,HCMC_TVHN_20251007.pdf,
Mạc Đĩnh Chi,,Trị An,Đồng Nai,Đồng Nai,61.42,1027.0,741.0,260.0,HCMC_TVHN_20251008.pdf,
Tân Sơn Hòa,,Thác Mơ,Bé,Đồng Nai,216.63,261.0,121.0,0.0,HCMC_TVHN_20251008.pdf,
Nhà Bè,0.9,Sr.P.Miêng,Bé,Đồng Nai,71.93,278.0,277.0,0.0,HCMC_TVHN_20251008.pdf,
Vũng Tàu,0.0,Dầu Tiếng,Sài Gòn,TPHCM,22.54,71.0,,21.0,HCMC_TVHN_20251008.pdf,
Mạc Đĩnh Chi,,Trị An,Đồng Nai,Đồng Nai,61.47,1082.0,754.0,160.0,HCMC_TVHN_20251009.pdf,
Tân Sơn Hòa,,Thác Mơ,Bé,Đồng Nai,216.74,263.0,139.0,0.0,HCMC_TVHN_20251009.pdf,
Nhà Bè,,Sr.P.Miêng,Bé,Đồng Nai,71.95,280.0,276.0,0.0,HCMC_TVHN_20251009.pdf,
Vũng Tàu,,Dầu Tiếng,Sài Gòn,TPHCM,22.54,201.0,,21.0,HCMC_TVHN_20251009.pdf,
Mạc Đĩnh Chi,,Trị An,Đồng Nai,Đồng Nai,61.57,1290.0,731.0,160.0,HCMC_TVHN_20251010.pdf,
Tân Sơn Hòa,0.0,Thác Mơ,Bé,Đồng Nai,216.91,326.0,130.0,0.0,HCMC_TVHN_20251010.pdf,
Nhà Bè,,Sr.P.Miêng,Bé,Đồng Nai,71.96,279.0,277.0,0.0,HCMC_TVHN_20251010.pdf,
Vũng Tàu,4.0,Dầu Tiếng,Sài Gòn,TPHCM,22.59,424.0,,21.0,HCMC_TVHN_20251010.pdf,
Mạc Đĩnh Chi,,Trị An,Đồng Nai,Đồng Nai,61.61,1022.0,738.0,160.0,HCMC_TVHN_20251011.pdf,
Tân Sơn Hòa,,Thác Mơ,Bé,Đồng Nai,217.01,249.0,132.0,0.0,HCMC_TVHN_20251011.pdf,
Nhà Bè,,Sr.P.Miêng,Bé,Đồng Nai,71.96,277.0,277.0,0.0,HCMC_TVHN_20251011.pdf,
Vũng Tàu,,Dầu Tiếng,Sài Gòn,TPHCM,22.72,348.0,,21.0,HCMC_TVHN_20251011.pdf,
Mạc Đĩnh Chi,,Trị An,Đồng Nai,Đồng Nai,61.61,891.0,738.0,160.0,HCMC_TVHN_20251012.pdf,
Tân Sơn Hòa,0.0,Thác Mơ,Bé,Đồng Nai,217.1,261.0,146.0,0.0,HCMC_TVHN_20251012.pdf,
Nhà Bè,,Sr.P.Miêng,Bé,Đồng Nai,71.98,280.0,277.0,0.0,HCMC_TVHN_20251012.pdf,
Vũng Tàu,15.0,Dầu Tiếng,Sài Gòn,TPHCM,22.8,202.0,,20.0,HCMC_TVHN_20251012.pdf,
Mạc Đĩnh Chi,9.4,Trị An,Đồng Nai,Đồng Nai,61.74,1403.0,744.0,160.0,HCMC_TVHN_20251013.pdf,
Tân Sơn Hòa,4.0,Thác Mơ,Bé,Đồng Nai,217.25,273.0,96.0,0.0,HCMC_TVHN_20251013.pdf,
Nhà Bè,42.0,Sr.P.Miêng,Bé,Đồng Nai,71.98,277.0,277.0,0.0,HCMC_TVHN_20251013.pdf,
Vũng Tàu,13.0,Dầu Tiếng,Sài Gòn,TPHCM,22.87,224.0,,20.0,HCMC_TVHN_20251013.pdf,
Mạc Đĩnh Chi,15.4,Trị An,Đồng Nai,Đồng Nai,61.79,1255.0,749.0,340.0,HCMC_TVHN_20251014.pdf,
Tân Sơn Hòa,29.0,Thác Mơ,Bé,Đồng Nai,217.37,264.0,127.0,0.0,HCMC_TVHN_20251014.pdf,
Nhà Bè,10.4,Sr.P.Miêng,Bé,Đồng Nai,71.99,278.0,276.0,0.0,HCMC_TVHN_20251014.pdf,
Vũng Tàu,0.1,Dầu Tiếng,Sài Gòn,TPHCM,22.92,180.0,,22.0,HCMC_TVHN_20251014.pdf,
Mạc Đĩnh Chi,11.6,Trị An,Đồng Nai,Đồng Nai,61.7,1032.0,746.0,600.0,HCMC_TVHN_20251015.pdf,
Tân Sơn Hòa,11.0,Thác Mơ,Bé,Đồng Nai,217.49,231.0,77.0,0.0,HCMC_TVHN_20251015.pdf,
Nhà Bè,,Sr.P.Miêng,Bé,Đồng Nai,71.97,283.0,277.0,9.0,HCMC_TVHN_20251015.pdf,
Vũng Tàu,20.0,Dầu Tiếng,Sài Gòn,TPHCM,22.99,275.0,,22.0,HCMC_TVHN_20251015.pdf,
Mạc Đĩnh Chi,,Trị An,Đồng Nai,Đồng Nai,61.48,931.0,757.0,6.0,HCMC_TVHN_20251017.pdf,
Tân Sơn Hòa,,Thác Mơ,Bé,Đồng Nai,217.65,193.0,111.0,0.0,HCMC_TVHN_20251017.pdf,
Nhà Bè,,Sr.P.Miêng,Bé,Đồng Nai,71.94,289.0,277.0,13.0,HCMC_TVHN_20251017.pdf,
Vũng Tàu,,Dầu Tiếng,Sài Gòn,TPHCM,23.13,165.0,,33.0,HCMC_TVHN_20251017.pdf,
Mạc Đĩnh Chi,0.4,Trị An,Đồng Nai,Đồng Nai,61.38,758.0,752.0,350.0,HCMC_TVHN_20251018.pdf,
Tân Sơn Hòa,2.0,Thác Mơ,Bé,Đồng Nai,217.74,193.0,78.0,0.0,HCMC_TVHN_20251018.pdf,
Nhà Bè,,Sr.P.Miêng,Bé,Đồng Nai,71.93,282.0,276.0,8.0,HCMC_TVHN_20251018.pdf,
Vũng Tàu,,Dầu Tiếng,Sài Gòn,TPHCM,23.15,243.0,,36.0,HCMC_TVHN_20251018.pdf,
Mạc Đĩnh Chi,,Trị An,Đồng Nai,Đồng Nai,61.31,645.0,746.0,160.0,HCMC_TVHN_20251019.pdf,
Tân Sơn Hòa,1.0,Thác Mơ,Bé,Đồng Nai,217.89,267.0,88.0,0.0,HCMC_TVHN_20251019.pdf,
Nhà Bè,8.0,Sr.P.Miêng,Bé,Đồng Nai,71.97,300.0,278.0,16.0,HCMC_TVHN_20251019.pdf,
Vũng Tàu,0.0,Dầu Tiếng,Sài Gòn,TPHCM,23.19,482.0,,36.0,HCMC_TVHN_20251019.pdf,
Mạc Đĩnh Chi,0.8,Trị An,Đồng Nai,Đồng Nai,61.38,804.0,500.0,50.0,HCMC_TVHN_20251020.pdf,
Tân Sơn Hòa,22.0,Thác Mơ,Bé,Đồng Nai,218.0,251.0,98.0,112.0,HCMC_TVHN_20251020.pdf,
Nhà Bè,,Sr.P.Miêng,Bé,Đồng Nai,71.91,290.0,280.0,21.0,HCMC_TVHN_20251020.pdf,
Vũng Tàu,0.0,Dầu Tiếng,Sài Gòn,TPHCM,23.33,408.0,,37.0,HCMC_TVHN_20251020.pdf,
Mạc Đĩnh Chi,1.4,Trị An,Đồng Nai,Đồng Nai,61.5,816.0,384.0,0.0,HCMC_TVHN_20251021.pdf,
Tân Sơn Hòa,8.0,Thác Mơ,Bé,Đồng Nai,217.94,191.0,228.0,0.0,HCMC_TVHN_20251021.pdf,
Nhà Bè,8.4,Sr.P.Miêng,Bé,Đồng Nai,71.95,283.0,277.0,0.0,HCMC_TVHN_20251021.pdf,
Vũng Tàu,13.0,Dầu Tiếng,Sài Gòn,TPHCM,23.44,292.0,,37.0,HCMC_TVHN_20251021.pdf,
Mạc Đĩnh Chi,14.2,Trị An,Đồng Nai,Đồng Nai,61.52,681.0,527.0,70.0,HCMC_TVHN_20251022.pdf,
Tân Sơn Hòa,24.0,Thác Mơ,Bé,Đồng Nai,217.85,188.0,246.0,44.0,HCMC_TVHN_20251022.pdf,
Nhà Bè,6.0,Sr.P.Miêng,Bé,Đồng Nai,71.95,276.0,276.0,0.0,HCMC_TVHN_20251022.pdf,
Vũng Tàu,55.0,Dầu Tiếng,Sài Gòn,TPHCM,23.49,141.0,,37.0,HCMC_TVHN_20251022.pdf,
Mạc Đĩnh Chi,no data,Trị An,Đồng Nai,Đồng Nai,61.48,745.0,746.0,160.0,HCMC_TVHN_20251023.pdf,
Tân Sơn Hòa,27.0,Thác Mơ,Bé,Đồng Nai,217.8,223.0,243.0,0.0,HCMC_TVHN_20251023.pdf,
Nhà Bè,5.7,Sr.P.Miêng,Bé,Đồng Nai,71.99,285.0,275.0,3.0,HCMC_TVHN_20251023.pdf,
Vũng Tàu,0.0,Dầu Tiếng,Sài Gòn,TPHCM,23.51,121.0,,37.0,HCMC_TVHN_20251023.pdf,
Mạc Đĩnh Chi,,Trị An,Đồng Nai,Đồng Nai,61.48,910.0,746.0,160.0,HCMC_TVHN_20251024.pdf,
Tân Sơn Hòa,,Thác Mơ,Bé,Đồng Nai,217.78,265.0,244.0,44.0,HCMC_TVHN_20251024.pdf,
Nhà Bè,,Sr.P.Miêng,Bé,Đồng Nai,71.99,376.0,289.0,87.0,HCMC_TVHN_20251024.pdf,
Vũng Tàu,0.0,Dầu Tiếng,Sài Gòn,TPHCM,23.55,227.0,,37.0,HCMC_TVHN_20251024.pdf,
Mạc Đĩnh Chi,1.2,Trị An,Đồng Nai,Đồng Nai,61.48,926.0,762.0,160.0,HCMC_TVHN_20251025.pdf,
Tân Sơn Hòa,51.7,Thác Mơ,Bé,Đồng Nai,217.78,294.0,246.0,44.0,HCMC_TVHN_20251025.pdf,
Nhà Bè,1.0,Sr.P.Miêng,Bé,Đồng Nai,71.97,300.0,280.0,24.0,HCMC_TVHN_20251025.pdf,
Vũng Tàu,0.0,Dầu Tiếng,Sài Gòn,TPHCM,23.63,444.0,,36.0,HCMC_TVHN_20251025.pdf,
Mạc Đĩnh Chi,66.0,Trị An,Đồng Nai,Đồng Nai,61.48,925.0,765.0,160.0,HCMC_TVHN_20251026.pdf,
Tân Sơn Hòa,44.0,Thác Mơ,Bé,Đồng Nai,217.71,199.0,246.0,44.0,HCMC_TVHN_20251026.pdf,
Nhà Bè,83.0,Sr.P.Miêng,Bé,Đồng Nai,71.95,286.0,274.0,15.0,HCMC_TVHN_20251026.pdf,
Vũng Tàu,54.5,Dầu Tiếng,Sài Gòn,TPHCM,23.78,352.0,,37.0,HCMC_TVHN_20251026.pdf,
Mạc Đĩnh Chi,23.0,Trị An,Đồng Nai,Đồng Nai,61.46,849.0,756.0,160.0,HCMC_TVHN_20251027.pdf,
Tân Sơn Hòa,23.0,Thác Mơ,Bé,Đồng Nai,217.63,192.0,246.0,44.0,HCMC_TVHN_20251027.pdf,
Nhà Bè,0.0,Sr.P.Miêng,Bé,Đồng Nai,71.95,277.0,277.0,0.0,HCMC_TVHN_20251027.pdf,
Vũng Tàu,0.3,Dầu Tiếng,Sài Gòn,TPHCM,23.86,202.0,,38.0,HCMC_TVHN_20251027.pdf,
Mạc Đĩnh Chi,28.4,Trị An,Đồng Nai,Đồng Nai,61.42,759.0,749.0,160.0,HCMC_TVHN_20251028.pdf,
Tân Sơn Hòa,4.0,Thác Mơ,Bé,Đồng Nai,217.56,207.0,246.0,44.0,HCMC_TVHN_20251028.pdf,
Nhà Bè,11.0,Sr.P.Miêng,Bé,Đồng Nai,71.97,279.0,276.0,0.0,HCMC_TVHN_20251028.pdf,
Vũng Tàu,5.1,Dầu Tiếng,Sài Gòn,TPHCM,23.87,143.0,,82.0,HCMC_TVHN_20251028.pdf,
Mạc Đĩnh Chi,105.0,Trị An,Đồng Nai,Đồng Nai,61.38,746.0,749.0,160.0,HCMC_TVHN_20251029.pdf,
Tân Sơn Hòa,57.0,Thác Mơ,Bé,Đồng Nai,217.52,247.0,246.0,44.0,HCMC_TVHN_20251029.pdf,
Nhà Bè,14.0,Sr.P.Miêng,Bé,Đồng Nai,71.98,367.0,284.0,81.0,HCMC_TVHN_20251029.pdf,
Vũng Tàu,15.0,Dầu Tiếng,Sài Gòn,TPHCM,23.85,273.0,,135.0,HCMC_TVHN_20251029.pdf,
Mạc Đĩnh Chi,2.4,Trị An,Đồng Nai,Đồng Nai,61.36,875.0,762.0,160.0,HCMC_TVHN_20251030.pdf,
Tân Sơn Hòa,,Thác Mơ,Bé,Đồng Nai,217.47,231.0,246.0,44.0,HCMC_TVHN_20251030.pdf,
Nhà Bè,2.0,Sr.P.Miêng,Bé,Đồng Nai,71.97,431.0,297.0,137.0,HCMC_TVHN_20251030.pdf,
Vũng Tàu,3.2,Dầu Tiếng,Sài Gòn,TPHCM,23.86,277.0,,183.0,HCMC_TVHN_20251030.pdf,
Mạc Đĩnh Chi,9.8,Trị An,Đồng Nai,Đồng Nai,61.35,868.0,762.0,160.0,HCMC_TVHN_20251031.pdf,
Tân Sơn Hòa,0.4,Thác Mơ,Bé,Đồng Nai,217.4,199.0,246.0,44.0,HCMC_TVHN_20251031.pdf,
Nhà Bè,0.9,Sr.P.Miêng,Bé,Đồng Nai,71.95,419.0,294.0,128.0,HCMC_TVHN_20251031.pdf,
Vũng Tàu,2.0,Dầu Tiếng,Sài Gòn,TPHCM,23.86,226.0,,197.0,HCMC_TVHN_20251031.pdf,
Mạc Đĩnh Chi,0.2,Trị An,Đồng Nai,Đồng Nai,61.34,872.0,752.0,160.0,HCMC_TVHN_20251101.pdf,
Tân Sơn Hòa,0.0,Thác Mơ,Bé,Đồng Nai,217.37,178.0,187.0,18.0,HCMC_TVHN_20251101.pdf,
Nhà Bè,21.0,Sr.P.Miêng,Bé,Đồng Nai,71.96,313.0,280.0,32.0,HCMC_TVHN_20251101.pdf,
Vũng Tàu,27.0,Dầu Tiếng,Sài Gòn,TPHCM,23.85,240.0,,197.0,HCMC_TVHN_20251101.pdf,
Mạc Đĩnh Chi,33.4,Trị An,Đồng Nai,Đồng Nai,61.32,855.0,749.0,160.0,HCMC_TVHN_20251102.pdf,
Tân Sơn Hòa,0.0,Thác Mơ,Bé,Đồng Nai,217.5,199.0,48.0,0.0,HCMC_TVHN_20251102.pdf,
Nhà Bè,21.0,Sr.P.Miêng,Bé,Đồng Nai,71.98,285.0,216.0,5.0,HCMC_TVHN_20251102.pdf,
Vũng Tàu,27.0,Dầu Tiếng,Sài Gòn,TPHCM,23.84,279.0,,197.0,HCMC_TVHN_20251102.pdf,
Mạc Đĩnh Chi,0.2,Trị An,Đồng Nai,Đồng Nai,61.33,929.0,733.0,160.0,HCMC_TVHN_20251103.pdf,
Tân Sơn Hòa,,Thác Mơ,Bé,Đồng Nai,217.66,214.0,16.0,0.0,HCMC_TVHN_20251103.pdf,
Nhà Bè,,Sr.P.Miêng,Bé,Đồng Nai,71.98,328.0,281.0,48.0,HCMC_TVHN_20251103.pdf,
Vũng Tàu,0.1,Dầu Tiếng,Sài Gòn,TPHCM,23.84,284.0,,197.0,HCMC_TVHN_20251103.pdf,
Mạc Đĩnh Chi,8.6,Trị An,Đồng Nai,Đồng Nai,61.37,1042.0,744.0,160.0,HCMC_TVHN_20251104.pdf,
Tân Sơn Hòa,3.0,Thác Mơ,Bé,Đồng Nai,217.78,178.0,43.0,0.0,HCMC_TVHN_20251104.pdf,
Nhà Bè,9.0,Sr.P.Miêng,Bé,Đồng Nai,71.96,307.0,275.0,35.0,HCMC_TVHN_20251104.pdf,
Vũng Tàu,5.0,Dầu Tiếng,Sài Gòn,TPHCM,23.87,215.0,,83.0,HCMC_TVHN_20251104.pdf,
Mạc Đĩnh Chi,80.4,Trị An,Đồng Nai,Đồng Nai,61.38,948.0,752.0,160.0,HCMC_TVHN_20251105.pdf,
Tân Sơn Hòa,82.0,Thác Mơ,Bé,Đồng Nai,217.89,184.0,38.0,0.0,HCMC_TVHN_20251105.pdf,
Nhà Bè,88.0,Sr.P.Miêng,Bé,Đồng Nai,71.97,278.0,277.0,0.0,HCMC_TVHN_20251105.pdf,
Vũng Tàu,26.0,Dầu Tiếng,Sài Gòn,TPHCM,23.88,95.0,,36.0,HCMC_TVHN_20251105.pdf,
Mạc Đĩnh Chi,2.8,Trị An,Đồng Nai,Đồng Nai,61.44,1126.0,746.0,160.0,HCMC_TVHN_20251106.pdf,
Tân Sơn Hòa,0.8,Thác Mơ,Bé,Đồng Nai,218.0,303.0,106.0,68.0,HCMC_TVHN_20251106.pdf,
Nhà Bè,0.2,Sr.P.Miêng,Bé,Đồng Nai,71.92,305.0,279.0,35.0,HCMC_TVHN_20251106.pdf,
Vũng Tàu,4.0,Dầu Tiếng,Sài Gòn,TPHCM,23.88,66.0,,36.0,HCMC_TVHN_20251106.pdf,
Mạc Đĩnh Chi,0.0,Trị An,Đồng Nai,Đồng Nai,61.52,1046.0,604.0,160.0,HCMC_TVHN_20251107.pdf,
Tân Sơn Hòa,0.0,Thác Mơ,Bé,Đồng Nai,217.96,287.0,139.0,202.0,HCMC_TVHN_20251107.pdf,
Nhà Bè,,Sr.P.Miêng,Bé,Đồng Nai,71.95,280.0,275.0,0.0,HCMC_TVHN_20251107.pdf,
Vũng Tàu,0.0,Dầu Tiếng,Sài Gòn,TPHCM,23.9,122.0,,36.0,HCMC_TVHN_20251107.pdf,
Mạc Đĩnh Chi,4.8,Trị An,Đồng Nai,Đồng Nai,61.63,1219.0,627.0,160.0,HCMC_TVHN_20251108.pdf,
Tân Sơn Hòa,0.0,Thác Mơ,Bé,Đồng Nai,217.97,379.0,137.0,220.0,HCMC_TVHN_20251108.pdf,
Nhà Bè,,Sr.P.Miêng,Bé,Đồng Nai,71.96,283.0,242.0,40.0,HCMC_TVHN_20251108.pdf,
Vũng Tàu,0.0,Dầu Tiếng,Sài Gòn,TPHCM,23.91,201.0,,36.0,HCMC_TVHN_20251108.pdf,
Mạc Đĩnh Chi,28.4,Trị An,Đồng Nai,Đồng Nai,61.78,1315.0,627.0,160.0,HCMC_TVHN_20251109.pdf,
Tân Sơn Hòa,4.3,Thác Mơ,Bé,Đồng Nai,217.98,331.0,156.0,169.0,HCMC_TVHN_20251109.pdf,
Nhà Bè,16.0,Sr.P.Miêng,Bé,Đồng Nai,71.96,485.0,289.0,196.0,HCMC_TVHN_20251109.pdf,
Vũng Tàu,11.0,Dầu Tiếng,Sài Gòn,TPHCM,23.92,104.0,,38.0,HCMC_TVHN_20251109.pdf,
Mạc Đĩnh Chi,1.6,Trị An,Đồng Nai,Đồng Nai,61.87,1266.0,587.0,340.0,HCMC_TVHN_20251110.pdf,
Tân Sơn Hòa,30.0,Thác Mơ,Bé,Đồng Nai,217.99,218.0,105.0,98.0,HCMC_TVHN_20251110.pdf,
Nhà Bè,,Sr.P.Miêng,Bé,Đồng Nai,71.98,297.0,269.0,24.0,HCMC_TVHN_20251110.pdf,
Vũng Tàu,2.0,Dầu Tiếng,Sài Gòn,TPHCM,23.9,313.0,,38.0,HCMC_TVHN_20251110.pdf,
Mạc Đĩnh Chi,10.8,Trị An,Đồng Nai,Đồng Nai,61.86,1151.0,532.0,660.0,HCMC_TVHN_20251111.pdf,
Tân Sơn Hòa,1.2,Thác Mơ,Bé,Đồng Nai,217.99,248.0,155.0,97.0,HCMC_TVHN_20251111.pdf,
Nhà Bè,,Sr.P.Miêng,Bé,Đồng Nai,71.94,362.0,278.0,91.0,HCMC_TVHN_20251111.pdf,
Vũng Tàu,3.0,Dầu Tiếng,Sài Gòn,TPHCM,23.9,193.0,,117.0,HCMC_TVHN_20251111.pdf,
Mạc Đĩnh Chi,0.6,Trị An,Đồng Nai,Đồng Nai,61.82,1335.0,610.0,870.0,HCMC_TVHN_20251112.pdf,
Tân Sơn Hòa,8.0,Thác Mơ,Bé,Đồng Nai,217.99,200.0,155.0,44.0,HCMC_TVHN_20251112.pdf,
Nhà Bè,8.0,Sr.P.Miêng,Bé,Đồng Nai,71.94,283.0,252.0,31.0,HCMC_TVHN_20251112.pdf,
Vũng Tàu,0.0,Dầu Tiếng,Sài Gòn,TPHCM,23.88,142.0,,150.0,HCMC_TVHN_20251112.pdf,
Mạc Đĩnh Chi,8.8,Trị An,Đồng Nai,Đồng Nai,61.76,1441.0,749.0,910.0,HCMC_TVHN_20251113.pdf,
Tân Sơn Hòa,38.0,Thác Mơ,Bé,Đồng Nai,217.99,211.0,163.0,44.0,HCMC_TVHN_20251113.pdf,
Nhà Bè,4.0,Sr.P.Miêng,Bé,Đồng Nai,71.97,302.0,277.0,21.0,HCMC_TVHN_20251113.pdf,
Vũng Tàu,6.0,Dầu Tiếng,Sài Gòn,TPHCM,23.84,143.0,,185.0,HCMC_TVHN_20251113.pdf,
Mạc Đĩnh Chi,9.6,Trị An,Đồng Nai,Đồng Nai,61.71,1330.0,686.0,800.0,HCMC_TVHN_20251114.pdf,
Tân Sơn Hòa,,Thác Mơ,Bé,Đồng Nai,218.0,204.0,154.0,44.0,HCMC_TVHN_20251114.pdf,
Nhà Bè,,Sr.P.Miêng,Bé,Đồng Nai,71.94,313.0,276.0,42.0,HCMC_TVHN_20251114.pdf,
Vũng Tàu,0.0,Dầu Tiếng,Sài Gòn,TPHCM,23.8,166.0,,163.0,HCMC_TVHN_20251114.pdf,
Mạc Đĩnh Chi,,Trị An,Đồng Nai,Đồng Nai,61.65,1117.0,692.0,680.0,HCMC_TVHN_20251115.pdf,
Tân Sơn Hòa,,Thác Mơ,Bé,Đồng Nai,217.99,196.0,155.0,44.0,HCMC_TVHN_20251115.pdf,
Nhà Bè,,Sr.P.Miêng,Bé,Đồng Nai,71.97,270.0,265.0,0.0,HCMC_TVHN_20251115.pdf,
Vũng Tàu,,Dầu Tiếng,Sài Gòn,TPHCM,23.77,175.0,,114.0,HCMC_TVHN_20251115.pdf,
Mạc Đĩnh Chi,,Trị An,Đồng Nai,Đồng Nai,61.61,898.0,554.0,490.0,HCMC_TVHN_20251116.pdf,
Tân Sơn Hòa,,Thác Mơ,Bé,Đồng Nai,217.99,199.0,159.0,44.0,HCMC_TVHN_20251116.pdf,
Nhà Bè,,Sr.P.Miêng,Bé,Đồng Nai,71.97,274.0,273.0,0.0,HCMC_TVHN_20251116.pdf,
Vũng Tàu,,Dầu Tiếng,Sài Gòn,TPHCM,23.76,72.0,,70.0,HCMC_TVHN_20251116.pdf,
Mạc Đĩnh Chi,4.2,Trị An,Đồng Nai,Đồng Nai,61.58,935.0,533.0,490.0,HCMC_TVHN_20251117.pdf,
Tân Sơn Hòa,3.9,Thác Mơ,Bé,Đồng Nai,217.99,206.0,162.0,44.0,HCMC_TVHN_20251117.pdf,
Nhà Bè,2.0,Sr.P.Miêng,Bé,Đồng Nai,71.97,275.0,275.0,0.0,HCMC_TVHN_20251117.pdf,
Vũng Tàu,2.4,Dầu Tiếng,Sài Gòn,TPHCM,23.75,120.0,,42.0,HCMC_TVHN_20251117.pdf,
Mạc Đĩnh Chi,,Trị An,Đồng Nai,Đồng Nai,61.6,997.0,544.0,380.0,HCMC_TVHN_20251118.pdf,
Tân Sơn Hòa,,Thác Mơ,Bé,Đồng Nai,217.97,175.0,162.0,44.0,HCMC_TVHN_20251118.pdf,
Nhà Bè,,Sr.P.Miêng,Bé,Đồng Nai,71.95,293.0,274.0,22.0,HCMC_TVHN_20251118.pdf,
Vũng Tàu,,Dầu Tiếng,Sài Gòn,TPHCM,23.77,150.0,,36.0,HCMC_TVHN_20251118.pdf,
Mạc Đĩnh Chi,35.6,Trị An,Đồng Nai,Đồng Nai,61.66,1050.0,523.0,320.0,HCMC_TVHN_20251119.pdf,
Tân Sơn Hòa,38.0,Thác Mơ,Bé,Đồng Nai,217.95,283.0,164.0,44.0,HCMC_TVHN_20251119.pdf,
Nhà Bè,8.0,Sr.P.Miêng,Bé,Đồng Nai,71.95,297.0,274.0,23.0,HCMC_TVHN_20251119.pdf,
Vũng Tàu,,Dầu Tiếng,Sài Gòn,TPHCM,23.79,281.0,,36.0,HCMC_TVHN_20251119.pdf,
Mạc Đĩnh Chi,0.0,Trị An,Đồng Nai,Đồng Nai,61.76,1395.0,515.0,500.0,HCMC_TVHN_20251120.pdf,
Tân Sơn Hòa,,Thác Mơ,Bé,Đồng Nai,217.91,156.0,159.0,44.0,HCMC_TVHN_20251120.pdf,
Nhà Bè,3.0,Sr.P.Miêng,Bé,Đồng Nai,71.97,274.0,271.0,0.0,HCMC_TVHN_20251120.pdf,
Vũng Tàu,,Dầu Tiếng,Sài Gòn,TPHCM,23.85,161.0,,36.0,HCMC_TVHN_20251120.pdf,
Mạc Đĩnh Chi,,Trị An,Đồng Nai,Đồng Nai,61.78,1280.0,501.0,720.0,HCMC_TVHN_20251121.pdf,
Tân Sơn Hòa,,Thác Mơ,Bé,Đồng Nai,217.86,138.0,156.0,44.0,HCMC_TVHN_20251121.pdf,
Nhà Bè,,Sr.P.Miêng,Bé,Đồng Nai,71.98,277.0,248.0,27.0,HCMC_TVHN_20251121.pdf,
Vũng Tàu,,Dầu Tiếng,Sài Gòn,TPHCM,23.87,178.0,,36.0,HCMC_TVHN_20251121.pdf,
Mạc Đĩnh Chi,0.0,Trị An,Đồng Nai,Đồng Nai,61.86,1486.0,519.0,800.0,HCMC_TVHN_20251123.pdf,
Tân Sơn Hòa,,Thác Mơ,Bé,Đồng Nai,217.92,103.0,44.0,0.0,HCMC_TVHN_20251123.pdf,
Nhà Bè,0.1,Sr.P.Miêng,Bé,Đồng Nai,71.98,271.0,271.0,0.0,HCMC_TVHN_20251123.pdf,
Vũng Tàu,3.0,Dầu Tiếng,Sài Gòn,TPHCM,23.89,200.0,,36.0,HCMC_TVHN_20251123.pdf,
Mạc Đĩnh Chi,2.4,Trị An,Đồng Nai,Đồng Nai,61.86,1300.0,497.0,800.0,HCMC_TVHN_20251124.pdf,
Tân Sơn Hòa,,Thác Mơ,Bé,Đồng Nai,217.97,104.0,47.0,0.0,HCMC_TVHN_20251124.pdf,
Nhà Bè,0.5,Sr.P.Miêng,Bé,Đồng Nai,71.99,266.0,265.0,0.0,HCMC_TVHN_20251124.pdf,
Vũng Tàu,0.0,Dầu Tiếng,Sài Gòn,TPHCM,23.9,189.0,,36.0,HCMC_TVHN_20251124.pdf,
Mạc Đĩnh Chi,7.4,Trị An,Đồng Nai,Đồng Nai,61.83,1155.0,461.0,800.0,HCMC_TVHN_20251125.pdf,
Tân Sơn Hòa,2.0,Thác Mơ,Bé,Đồng Nai,217.98,61.0,45.0,0.0,HCMC_TVHN_20251125.pdf,
Nhà Bè,4.0,Sr.P.Miêng,Bé,Đồng Nai,71.91,269.0,255.0,24.0,HCMC_TVHN_20251125.pdf,
Vũng Tàu,2.0,Dầu Tiếng,Sài Gòn,TPHCM,23.9,79.0,,36.0,HCMC_TVHN_20251125.pdf,
Mạc Đĩnh Chi,,Trị An,Đồng Nai,Đồng Nai,61.77,1150.0,538.0,800.0,HCMC_TVHN_20251126.pdf,
Tân Sơn Hòa,,Thác Mơ,Bé,Đồng Nai,217.98,62.0,56.0,0.0,HCMC_TVHN_20251126.pdf,
Nhà Bè,,Sr.P.Miêng,Bé,Đồng Nai,71.9,290.0,276.0,16.0,HCMC_TVHN_20251126.pdf,
Vũng Tàu,0.0,Dầu Tiếng,Sài Gòn,TPHCM,23.88,144.0,,151.0,HCMC_TVHN_20251126.pdf,
Mạc Đĩnh Chi,,Trị An,Đồng Nai,Đồng Nai,61.52,837.0,532.0,800.0,HCMC_TVHN_20251128.pdf,
Tân Sơn Hòa,,Thác Mơ,Bé,Đồng Nai,217.85,141.0,234.0,44.0,HCMC_TVHN_20251128.pdf,
Nhà Bè,,Sr.P.Miêng,Bé,Đồng Nai,71.91,276.0,273.0,0.0,HCMC_TVHN_20251128.pdf,
Vũng Tàu,,Dầu Tiếng,Sài Gòn,TPHCM,23.79,141.0,,127.0,HCMC_TVHN_20251128.pdf,
Mạc Đĩnh Chi,,Trị An,Đồng Nai,Đồng Nai,61.39,721.0,600.0,600.0,HCMC_TVHN_20251129.pdf,
Tân Sơn Hòa,,Thác Mơ,Bé,Đồng Nai,217.72,126.0,239.0,44.0,HCMC_TVHN_20251129.pdf,
Nhà Bè,,Sr.P.Miêng,Bé,Đồng Nai,71.91,273.0,273.0,0.0,HCMC_TVHN_20251129.pdf,
Vũng Tàu,,Dầu Tiếng,Sài Gòn,TPHCM,23.76,143.0,,54.0,HCMC_TVHN_20251129.pdf,
Mạc Đĩnh Chi,,Trị An,Đồng Nai,Đồng Nai,61.28,573.0,655.0,310.0,HCMC_TVHN_20251130.pdf,
Tân Sơn Hòa,,Thác Mơ,Bé,Đồng Nai,217.58,120.0,241.0,44.0,HCMC_TVHN_20251130.pdf,
Nhà Bè,,Sr.P.Miêng,Bé,Đồng Nai,71.9,272.0,274.0,0.0,HCMC_TVHN_20251130.pdf,
Vũng Tàu,0.1,Dầu Tiếng,Sài Gòn,TPHCM,23.74,81.0,,113.0,HCMC_TVHN_20251130.pdf,
Mạc Đĩnh Chi,,Trị An,Đồng Nai,Đồng Nai,61.23,662.0,705.0,160.0,HCMC_TVHN_20251201.pdf,
Tân Sơn Hòa,,Thác Mơ,Bé,Đồng Nai,217.45,116.0,234.0,44.0,HCMC_TVHN_20251201.pdf,
Nhà Bè,,Sr.P.Miêng,Bé,Đồng Nai,71.88,269.0,272.0,0.0,HCMC_TVHN_20251201.pdf,
Vũng Tàu,0.0,Dầu Tiếng,Sài Gòn,TPHCM,23.72,77.0,,55.0,HCMC_TVHN_20251201.pdf,
Mạc Đĩnh Chi,,Trị An,Đồng Nai,Đồng Nai,61.16,655.0,736.0,160.0,HCMC_TVHN_20251202.pdf,
Tân Sơn Hòa,,Thác Mơ,Bé,Đồng Nai,217.4,104.0,131.0,44.0,HCMC_TVHN_20251202.pdf,
Nhà Bè,,Sr.P.Miêng,Bé,Đồng Nai,71.86,271.0,274.0,0.0,HCMC_TVHN_20251202.pdf,
Vũng Tàu,0.0,Dầu Tiếng,Sài Gòn,TPHCM,23.71,54.0,,37.0,HCMC_TVHN_20251202.pdf,
Mạc Đĩnh Chi,,Trị An,Đồng Nai,Đồng Nai,61.13,642.0,718.0,50.0,HCMC_TVHN_20251203.pdf,
Tân Sơn Hòa,,Thác Mơ,Bé,Đồng Nai,217.4,83.0,82.0,0.0,HCMC_TVHN_20251203.pdf,
Nhà Bè,,Sr.P.Miêng,Bé,Đồng Nai,71.84,273.0,276.0,0.0,HCMC_TVHN_20251203.pdf,
Vũng Tàu,15.0,Dầu Tiếng,Sài Gòn,TPHCM,23.7,65.0,,37.0,HCMC_TVHN_20251203.pdf,
Mạc Đĩnh Chi,23.6,Trị An,Đồng Nai,Đồng Nai,61.11,669.0,741.0,0.0,HCMC_TVHN_20251204.pdf,
Tân Sơn Hòa,25.0,Thác Mơ,Bé,Đồng Nai,217.43,109.0,81.0,0.0,HCMC_TVHN_20251204.pdf,
Nhà Bè,23.0,Sr.P.Miêng,Bé,Đồng Nai,71.5,170.0,224.0,0.0,HCMC_TVHN_20251204.pdf,
Vũng Tàu,67.0,Dầu Tiếng,Sài Gòn,TPHCM,23.69,152.0,,37.0,HCMC_TVHN_20251204.pdf,
Mạc Đĩnh Chi,0.6,Trị An,Đồng Nai,Đồng Nai,61.24,854.0,357.0,0.0,HCMC_TVHN_20251205.pdf,
Tân Sơn Hòa,0.7,Thác Mơ,Bé,Đồng Nai,217.44,98.0,81.0,0.0,HCMC_TVHN_20251205.pdf,
Nhà Bè,2.0,Sr.P.Miêng,Bé,Đồng Nai,71.51,129.0,127.0,0.0,HCMC_TVHN_20251205.pdf,
Vũng Tàu,16.0,Dầu Tiếng,Sài Gòn,TPHCM,23.71,198.0,,37.0,HCMC_TVHN_20251205.pdf,
Mạc Đĩnh Chi,,Trị An,Đồng Nai,Đồng Nai,61.39,925.0,381.0,0.0,HCMC_TVHN_20251206.pdf,
Tân Sơn Hòa,,Thác Mơ,Bé,Đồng Nai,217.44,70.0,69.0,0.0,HCMC_TVHN_20251206.pdf,
Nhà Bè,,Sr.P.Miêng,Bé,Đồng Nai,71.52,118.0,117.0,0.0,HCMC_TVHN_20251206.pdf,
Vũng Tàu,,Dầu Tiếng,Sài Gòn,TPHCM,23.75,130.0,,37.0,HCMC_TVHN_20251206.pdf,
Mạc Đĩnh Chi,,Trị An,Đồng Nai,Đồng Nai,61.54,907.0,365.0,0.0,HCMC_TVHN_20251207.pdf,
Tân Sơn Hòa,,Thác Mơ,Bé,Đồng Nai,217.45,70.0,60.0,0.0,HCMC_TVHN_20251207.pdf,
Nhà Bè,,Sr.P.Miêng,Bé,Đồng Nai,71.56,127.0,120.0,0.0,HCMC_TVHN_20251207.pdf,
Vũng Tàu,,Dầu Tiếng,Sài Gòn,TPHCM,23.75,66.0,,0.0,HCMC_TVHN_20251207.pdf,
Mạc Đĩnh Chi,,Trị An,Đồng Nai,Đồng Nai,61.7,942.0,351.0,0.0,HCMC_TVHN_20251208.pdf,
Tân Sơn Hòa,,Thác Mơ,Bé,Đồng Nai,217.45,52.0,55.0,0.0,HCMC_TVHN_20251208.pdf,
Nhà Bè,,Sr.P.Miêng,Bé,Đồng Nai,71.74,110.0,80.0,0.0,HCMC_TVHN_20251208.pdf,
Vũng Tàu,,Dầu Tiếng,Sài Gòn,TPHCM,23.75,74.0,,0.0,HCMC_TVHN_20251208.pdf,
Mạc Đĩnh Chi,,Trị An,Đồng Nai,Đồng Nai,61.8,822.0,356.0,70.0,HCMC_TVHN_20251209.pdf,
Tân Sơn Hòa,,Thác Mơ,Bé,Đồng Nai,217.44,54.0,59.0,0.0,HCMC_TVHN_20251209.pdf,
Nhà Bè,,Sr.P.Miêng,Bé,Đồng Nai,71.76,101.0,98.0,0.0,HCMC_TVHN_20251209.pdf,
Vũng Tàu,,Dầu Tiếng,Sài Gòn,TPHCM,23.75,115.0,,37.0,HCMC_TVHN_20251209.pdf,
Mạc Đĩnh Chi,,Trị An,Đồng Nai,Đồng Nai,61.76,672.0,542.0,270.0,HCMC_TVHN_20251210.pdf,
Tân Sơn Hòa,,Thác Mơ,Bé,Đồng Nai,217.43,56.0,72.0,0.0,HCMC_TVHN_20251210.pdf,
Nhà Bè,,Sr.P.Miêng,Bé,Đồng Nai,71.78,93.0,90.0,0.0,HCMC_TVHN_20251210.pdf,
Vũng Tàu,,Dầu Tiếng,Sài Gòn,TPHCM,23.75,137.0,,37.0,HCMC_TVHN_20251210.pdf,
Mạc Đĩnh Chi,10.4,Trị An,Đồng Nai,Đồng Nai,61.67,484.0,550.0,270.0,HCMC_TVHN_20251211.pdf,
Tân Sơn Hòa,8.2,Thác Mơ,Bé,Đồng Nai,217.42,63.0,77.0,0.0,HCMC_TVHN_20251211.pdf,
Nhà Bè,18.0,Sr.P.Miêng,Bé,Đồng Nai,71.7,84.0,97.0,0.0,HCMC_TVHN_20251211.pdf,
Vũng Tàu,1.1,Dầu Tiếng,Sài Gòn,TPHCM,23.74,136.0,,37.0,HCMC_TVHN_20251211.pdf,
Mạc Đĩnh Chi,,Trị An,Đồng Nai,Đồng Nai,61.62,503.0,546.0,160.0,HCMC_TVHN_20251212.pdf,
Tân Sơn Hòa,,Thác Mơ,Bé,Đồng Nai,217.41,62.0,68.0,0.0,HCMC_TVHN_20251212.pdf,
Nhà Bè,,Sr.P.Miêng,Bé,Đồng Nai,71.55,104.0,129.0,0.0,HCMC_TVHN_20251212.pdf,
Vũng Tàu,,Dầu Tiếng,Sài Gòn,TPHCM,23.73,110.0,,37.0,HCMC_TVHN_20251212.pdf,
Mạc Đĩnh Chi,,Trị An,Đồng Nai,Đồng Nai,61.55,451.0,540.0,160.0,HCMC_TVHN_20251213.pdf,
Tân Sơn Hòa,,Thác Mơ,Bé,Đồng Nai,217.4,55.0,69.0,0.0,HCMC_TVHN_20251213.pdf,
Nhà Bè,,Sr.P.Miêng,Bé,Đồng Nai,71.41,105.0,128.0,0.0,HCMC_TVHN_20251213.pdf,
Vũng Tàu,,Dầu Tiếng,Sài Gòn,TPHCM,23.73,92.0,,37.0,HCMC_TVHN_20251213.pdf,
Mạc Đĩnh Chi,,Trị An,Đồng Nai,Đồng Nai,61.48,457.0,535.0,160.0,HCMC_TVHN_20251214.pdf,
Tân Sơn Hòa,,Thác Mơ,Bé,Đồng Nai,217.38,49.0,69.0,0.0,HCMC_TVHN_20251214.pdf,
Nhà Bè,,Sr.P.Miêng,Bé,Đồng Nai,71.28,118.0,146.0,0.0,HCMC_TVHN_20251214.pdf,
Vũng Tàu,,Dầu Tiếng,Sài Gòn,TPHCM,23.74,213.0,,28.0,HCMC_TVHN_20251214.pdf,
Mạc Đĩnh Chi,,Trị An,Đồng Nai,Đồng Nai,61.47,391.0,381.0,50.0,HCMC_TVHN_20251215.pdf,
Tân Sơn Hòa,,Thác Mơ,Bé,Đồng Nai,217.38,41.0,51.0,0.0,HCMC_TVHN_20251215.pdf,
Nhà Bè,,Sr.P.Miêng,Bé,Đồng Nai,71.05,70.0,108.0,0.0,HCMC_TVHN_20251215.pdf,
Vũng Tàu,,Dầu Tiếng,Sài Gòn,TPHCM,23.74,143.0,,24.0,HCMC_TVHN_20251215.pdf,
Mạc Đĩnh Chi,,Trị An,Đồng Nai,Đồng Nai,61.51,290.0,136.0,0.0,HCMC_TVHN_20251216.pdf,
Tân Sơn Hòa,,Thác Mơ,Bé,Đồng Nai,217.36,48.0,69.0,0.0,HCMC_TVHN_20251216.pdf,
Nhà Bè,,Sr.P.Miêng,Bé,Đồng Nai,71.17,84.0,64.0,0.0,HCMC_TVHN_20251216.pdf,
Vũng Tàu,0.0,Dầu Tiếng,Sài Gòn,TPHCM,23.72,94.0,,29.0,HCMC_TVHN_20251216.pdf,
Mạc Đĩnh Chi,,Trị An,Đồng Nai,Đồng Nai,61.56,294.0,140.0,0.0,HCMC_TVHN_20251217.pdf,
Tân Sơn Hòa,,Thác Mơ,Bé,Đồng Nai,217.34,38.0,57.0,0.0,HCMC_TVHN_20251217.pdf,
Nhà Bè,,Sr.P.Miêng,Bé,Đồng Nai,71.32,75.0,49.0,0.0,HCMC_TVHN_20251217.pdf,
Vũng Tàu,,Dầu Tiếng,Sài Gòn,TPHCM,23.71,77.0,,24.0,HCMC_TVHN_20251217.pdf,
Mạc Đĩnh Chi,,Trị An,Đồng Nai,Đồng Nai,61.58,279.0,177.0,0.0,HCMC_TVHN_20251218.pdf,
Tân Sơn Hòa,,Thác Mơ,Bé,Đồng Nai,217.32,46.0,77.0,0.0,HCMC_TVHN_20251218.pdf,
Nhà Bè,,Sr.P.Miêng,Bé,Đồng Nai,71.48,82.0,54.0,0.0,HCMC_TVHN_20251218.pdf,
Vũng Tàu,0.0,Dầu Tiếng,Sài Gòn,TPHCM,23.7,66.0,,25.0,HCMC_TVHN_20251218.pdf,
Mạc Đĩnh Chi,,Trị An,Đồng Nai,Đồng Nai,61.62,260.0,142.0,0.0,HCMC_TVHN_20251219.pdf,
Tân Sơn Hòa,,Thác Mơ,Bé,Đồng Nai,217.29,35.0,69.0,0.0,HCMC_TVHN_20251219.pdf,
Nhà Bè,,Sr.P.Miêng,Bé,Đồng Nai,71.5,53.0,50.0,0.0,HCMC_TVHN_20251219.pdf,
Vũng Tàu,,Dầu Tiếng,Sài Gòn,TPHCM,23.68,56.0,,24.0,HCMC_TVHN_20251219.pdf,
Mạc Đĩnh Chi,,Trị An,Đồng Nai,Đồng Nai,61.69,275.0,149.0,0.0,HCMC_TVHN_20251221.pdf,
Tân Sơn Hòa,,Thác Mơ,Bé,Đồng Nai,217.23,40.0,76.0,0.0,HCMC_TVHN_20251221.pdf,
Nhà Bè,,Sr.P.Miêng,Bé,Đồng Nai,71.57,71.0,64.0,0.0,HCMC_TVHN_20251221.pdf,
Vũng Tàu,,Dầu Tiếng,Sài Gòn,TPHCM,23.63,112.0,,0.0,HCMC_TVHN_20251221.pdf,
Mạc Đĩnh Chi,,Trị An,Đồng Nai,Đồng Nai,61.73,268.0,131.0,0.0,HCMC_TVHN_20251222.pdf,
Tân Sơn Hòa,,Thác Mơ,Bé,Đồng Nai,217.21,32.0,56.0,0.0,HCMC_TVHN_20251222.pdf,
Nhà Bè,,Sr.P.Miêng,Bé,Đồng Nai,71.6,52.0,46.0,0.0,HCMC_TVHN_20251222.pdf,
Vũng Tàu,0.0,Dầu Tiếng,Sài Gòn,TPHCM,23.61,128.0,,0.0,HCMC_TVHN_20251222.pdf,
Mạc Đĩnh Chi,,Trị An,Đồng Nai,Đồng Nai,61.77,274.0,126.0,0.0,HCMC_TVHN_20251223.pdf,
Tân Sơn Hòa,,Thác Mơ,Bé,Đồng Nai,217.17,34.0,78.0,0.0,HCMC_TVHN_20251223.pdf,
Nhà Bè,,Sr.P.Miêng,Bé,Đồng Nai,71.65,85.0,77.0,0.0,HCMC_TVHN_20251223.pdf,
Vũng Tàu,0.0,Dầu Tiếng,Sài Gòn,TPHCM,23.6,*,,*,HCMC_TVHN_20251223.pdf,
Mạc Đĩnh Chi,,Trị An,Đồng Nai,Đồng Nai,61.81,300.0,132.0,0.0,HCMC_TVHN_20251224.pdf,
Tân Sơn Hòa,,Thác Mơ,Bé,Đồng Nai,217.15,43.0,73.0,0.0,HCMC_TVHN_20251224.pdf,
Nhà Bè,,Sr.P.Miêng,Bé,Đồng Nai,71.68,89.0,84.0,0.0,HCMC_TVHN_20251224.pdf,
Vũng Tàu,0.0,Dầu Tiếng,Sài Gòn,TPHCM,23.58,82.0,,23.0,HCMC_TVHN_20251224.pdf,
Mạc Đĩnh Chi,22.6,Trị An,Đồng Nai,Đồng Nai,61.85,275.0,145.0,0.0,HCMC_TVHN_20251225.pdf,
Tân Sơn Hòa,30.0,Thác Mơ,Bé,Đồng Nai,217.12,34.0,70.0,0.0,HCMC_TVHN_20251225.pdf,
Nhà Bè,3.0,Sr.P.Miêng,Bé,Đồng Nai,71.73,86.0,78.0,0.0,HCMC_TVHN_20251225.pdf,
Vũng Tàu,0.0,Dầu Tiếng,Sài Gòn,TPHCM,23.56,92.0,,24.0,HCMC_TVHN_20251225.pdf,
Mạc Đĩnh Chi,23.8,Trị An,Đồng Nai,Đồng Nai,61.89,390.0,252.0,0.0,HCMC_TVHN_20251226.pdf,
Tân Sơn Hòa,3.8,Thác Mơ,Bé,Đồng Nai,217.07,30.0,81.0,0.0,HCMC_TVHN_20251226.pdf,
Nhà Bè,45.0,Sr.P.Miêng,Bé,Đồng Nai,71.78,85.0,77.0,0.0,HCMC_TVHN_20251226.pdf,
Vũng Tàu,0.0,Dầu Tiếng,Sài Gòn,TPHCM,23.54,88.0,,23.0,HCMC_TVHN_20251226.pdf,
Mạc Đĩnh Chi,,Trị An,Đồng Nai,Đồng Nai,61.92,271.0,141.0,0.0,HCMC_TVHN_20251228.pdf,
Tân Sơn Hòa,,Thác Mơ,Bé,Đồng Nai,217.02,31.0,68.0,0.0,HCMC_TVHN_20251228.pdf,
Nhà Bè,,Sr.P.Miêng,Bé,Đồng Nai,71.85,75.0,70.0,0.0,HCMC_TVHN_20251228.pdf,
Vũng Tàu,,Dầu Tiếng,Sài Gòn,TPHCM,23.52,88.0,,24.0,HCMC_TVHN_20251228.pdf,
Mạc Đĩnh Chi,,Trị An,Đồng Nai,Đồng Nai,61.92,367.0,404.0,0.0,HCMC_TVHN_20251230.pdf,
Tân Sơn Hòa,,Thác Mơ,Bé,Đồng Nai,216.97,15.0,68.0,0.0,HCMC_TVHN_20251230.pdf,
Nhà Bè,,Sr.P.Miêng,Bé,Đồng Nai,71.92,80.0,75.0,0.0,HCMC_TVHN_20251230.pdf,
Vũng Tàu,,Dầu Tiếng,Sài Gòn,TPHCM,23.49,61.0,,24.0,HCMC_TVHN_20251230.pdf,
Mạc Đĩnh Chi,,Trị An,Đồng Nai,Đồng Nai,61.89,182.0,298.0,0.0,HCMC_TVHN_20251231.pdf,
Tân Sơn Hòa,,Thác Mơ,Bé,Đồng Nai,216.93,22.0,68.0,0.0,HCMC_TVHN_20251231.pdf,
Nhà Bè,,Sr.P.Miêng,Bé,Đồng Nai,71.93,79.0,78.0,0.0,HCMC_TVHN_20251231.pdf,
Vũng Tàu,,Dầu Tiếng,Sài Gòn,TPHCM,23.47,65.0,,25.0,HCMC_TVHN_20251231.pdf,
Mạc Đĩnh Chi,,Trị An,Đồng Nai,Đồng Nai,61.9,167.0,126.0,0.0,HCMC_TVHN_20260101.pdf,
Tân Sơn Hòa,,Thác Mơ,Bé,Đồng Nai,216.89,17.0,59.0,0.0,HCMC_TVHN_20260101.pdf,
Nhà Bè,,Sr.P.Miêng,Bé,Đồng Nai,71.87,75.0,85.0,0.0,HCMC_TVHN_20260101.pdf,
Vũng Tàu,,Dầu Tiếng,Sài Gòn,TPHCM,23.45,93.0,,24.0,HCMC_TVHN_20260101.pdf,
Mạc Đĩnh Chi,,Trị An,Đồng Nai,Đồng Nai,61.91,169.0,154.0,0.0,HCMC_TVHN_20260102.pdf,
Tân Sơn Hòa,,Thác Mơ,Bé,Đồng Nai,216.87,23.0,52.0,0.0,HCMC_TVHN_20260102.pdf,
Nhà Bè,,Sr.P.Miêng,Bé,Đồng Nai,71.81,69.0,79.0,0.0,HCMC_TVHN_20260102.pdf,
Vũng Tàu,,Dầu Tiếng,Sài Gòn,TPHCM,23.44,71.0,,24.0,HCMC_TVHN_20260102.pdf,
Mạc Đĩnh Chi,,Trị An,Đồng Nai,Đồng Nai,61.86,138.0,306.0,0.0,HCMC_TVHN_20260103.pdf,
Tân Sơn Hòa,,Thác Mơ,Bé,Đồng Nai,216.84,30.0,63.0,0.0,HCMC_TVHN_20260103.pdf,
Nhà Bè,,Sr.P.Miêng,Bé,Đồng Nai,71.86,92.0,83.0,0.0,HCMC_TVHN_20260103.pdf,
Vũng Tàu,,Dầu Tiếng,Sài Gòn,TPHCM,23.43,76.0,,0.0,HCMC_TVHN_20260103.pdf,
Mạc Đĩnh Chi,,Trị An,Đồng Nai,Đồng Nai,61.86,136.0,136.0,0.0,HCMC_TVHN_20260104.pdf,
Tân Sơn Hòa,,Thác Mơ,Bé,Đồng Nai,216.8,21.0,65.0,0.0,HCMC_TVHN_20260104.pdf,
Nhà Bè,,Sr.P.Miêng,Bé,Đồng Nai,71.91,89.0,81.0,0.0,HCMC_TVHN_20260104.pdf,
Vũng Tàu,0.0,Dầu Tiếng,Sài Gòn,TPHCM,23.41,65.0,,0.0,HCMC_TVHN_20260104.pdf,
Mạc Đĩnh Chi,,Trị An,Đồng Nai,Đồng Nai,61.87,146.0,139.0,0.0,HCMC_TVHN_20260105.pdf,
Tân Sơn Hòa,,Thác Mơ,Bé,Đồng Nai,216.77,22.0,61.0,0.0,HCMC_TVHN_20260105.pdf,
Nhà Bè,,Sr.P.Miêng,Bé,Đồng Nai,71.95,80.0,74.0,0.0,HCMC_TVHN_20260105.pdf,
Vũng Tàu,,Dầu Tiếng,Sài Gòn,TPHCM,23.39,55.0,,0.0,HCMC_TVHN_20260105.pdf,
Thủ Dầu I,,Sông Ray,Sông Ray,TPHCM,69.84,2.0,9.0,0.0,HCMC_TVHN_20260105.pdf,
Mạc Đĩnh Chi,4.4,Trị An,Đồng Nai,Đồng Nai,61.86,155.0,166.0,0.0,HCMC_TVHN_20260106.pdf,
Tân Sơn Hòa,3.0,Thác Mơ,Bé,Đồng Nai,216.71,13.0,77.0,0.0,HCMC_TVHN_20260106.pdf,
Nhà Bè,33.0,Sr.P.Miêng,Bé,Đồng Nai,71.98,103.0,98.0,0.0,HCMC_TVHN_20260106.pdf,
Vũng Tàu,,Dầu Tiếng,Sài Gòn,TPHCM,23.37,100.0,,24.3,HCMC_TVHN_20260106.pdf,
Thủ Dầu I,,Sông Ray,Sông Ray,TPHCM,69.8,2.0,9.0,0.0,HCMC_TVHN_20260106.pdf,
Mạc Đĩnh Chi,18.6,Trị An,Đồng Nai,Đồng Nai,61.89,254.0,168.0,0.0,HCMC_TVHN_20260107.pdf,
Tân Sơn Hòa,33.0,Thác Mơ,Bé,Đồng Nai,216.67,22.0,68.0,0.0,HCMC_TVHN_20260107.pdf,
Nhà Bè,32.0,Sr.P.Miêng,Bé,Đồng Nai,71.97,82.0,84.0,0.0,HCMC_TVHN_20260107.pdf,
Vũng Tàu,,Dầu Tiếng,Sài Gòn,TPHCM,23.34,128.0,,24.0,HCMC_TVHN_20260107.pdf,
Thủ Dầu I,,Sông Ray,Ray,TPHCM,69.76,1.8,9.0,0.0,HCMC_TVHN_20260107.pdf,
Mạc Đĩnh Chi,,Trị An,Đồng Nai,Đồng Nai,61.91,212.0,137.0,0.0,HCMC_TVHN_20260108.pdf,
Tân Sơn Hòa,,Thác Mơ,Bé,Đồng Nai,216.63,15.0,63.0,0.0,HCMC_TVHN_20260108.pdf,
Nhà Bè,,Sr.P.Miêng,Bé,Đồng Nai,71.97,78.0,77.0,0.0,HCMC_TVHN_20260108.pdf,
Vũng Tàu,,Dầu Tiếng,Sài Gòn,TPHCM,23.33,159.0,,24.0,HCMC_TVHN_20260108.pdf,
Thủ Dầu I,,Sông Ray,Ray,TPHCM,69.72,1.8,9.0,0.0,HCMC_TVHN_20260108.pdf,
Mạc Đĩnh Chi,,Trị An,Đồng Nai,Đồng Nai,61.9,178.0,182.0,0.0,HCMC_TVHN_20260109.pdf,
Tân Sơn Hòa,,Thác Mơ,Bé,Đồng Nai,216.59,17.0,69.0,0.0,HCMC_TVHN_20260109.pdf,
Nhà Bè,,Sr.P.Miêng,Bé,Đồng Nai,71.96,70.0,72.0,0.0,HCMC_TVHN_20260109.pdf,
Vũng Tàu,,Dầu Tiếng,Sài Gòn,TPHCM,23.31,76.0,,0.0,HCMC_TVHN_20260109.pdf,
Thủ Dầu I,,Sông Ray,Ray,TPHCM,69.68,1.8,9.0,0.0,HCMC_TVHN_20260109.pdf,
Mạc Đĩnh Chi,,Trị An,Đồng Nai,Đồng Nai,61.91,171.0,149.0,0.0,HCMC_TVHN_20260110.pdf,
Tân Sơn Hòa,,Thác Mơ,Bé,Đồng Nai,216.54,23.0,76.0,0.0,HCMC_TVHN_20260110.pdf,
Nhà Bè,,Sr.P.Miêng,Bé,Đồng Nai,71.96,78.0,78.0,0.0,HCMC_TVHN_20260110.pdf,
Vũng Tàu,,Dầu Tiếng,Sài Gòn,TPHCM,23.29,103.0,,23.8,HCMC_TVHN_20260110.pdf,
Thủ Dầu I,,Sông Ray,Ray,TPHCM,69.64,1.8,9.0,0.0,HCMC_TVHN_20260110.pdf,
Mạc Đĩnh Chi,,Trị An,Đồng Nai,Đồng Nai,61.88,154.0,251.0,0.0,HCMC_TVHN_20260111.pdf,
Tân Sơn Hòa,,Thác Mơ,Bé,Đồng Nai,216.49,22.0,74.0,0.0,HCMC_TVHN_20260111.pdf,
Nhà Bè,,Sr.P.Miêng,Bé,Đồng Nai,71.92,84.0,90.0,0.0,HCMC_TVHN_20260111.pdf,
Vũng Tàu,,Dầu Tiếng,Sài Gòn,TPHCM,23.26,130.0,,0.0,HCMC_TVHN_20260111.pdf,
Thủ Dầu I,,Sông Ray,Ray,TPHCM,69.59,0.0,9.0,0.0,HCMC_TVHN_20260111.pdf,
Mạc Đĩnh Chi,,Trị An,Đồng Nai,Đồng Nai,61.87,132.0,169.0,0.0,HCMC_TVHN_20260112.pdf,
Tân Sơn Hòa,,Thác Mơ,Bé,Đồng Nai,216.45,23.0,73.0,0.0,HCMC_TVHN_20260112.pdf,
Nhà Bè,,Sr.P.Miêng,Bé,Đồng Nai,71.91,76.0,78.0,0.0,HCMC_TVHN_20260112.pdf,
Vũng Tàu,0.2,Dầu Tiếng,Sài Gòn,TPHCM,23.24,80.0,,0.0,HCMC_TVHN_20260112.pdf,
Thủ Dầu I,0.0,Sông Ray,Ray,TPHCM,69.54,0.0,9.0,0.0,HCMC_TVHN_20260112.pdf,
Mạc Đĩnh Chi,,Trị An,Đồng Nai,Đồng Nai,61.87,173.0,180.0,0.0,HCMC_TVHN_20260113.pdf,
Tân Sơn Hòa,,Thác Mơ,Bé,Đồng Nai,216.4,14.0,74.0,0.0,HCMC_TVHN_20260113.pdf,
Nhà Bè,,Sr.P.Miêng,Bé,Đồng Nai,71.86,75.0,83.0,0.0,HCMC_TVHN_20260113.pdf,
Vũng Tàu,0.0,Dầu Tiếng,Sài Gòn,TPHCM,23.23,91.0,,24.0,HCMC_TVHN_20260113.pdf,
Thủ Dầu I,0.0,Sông Ray,Ray,TPHCM,69.49,0.0,9.0,0.0,HCMC_TVHN_20260113.pdf,
Mạc Đĩnh Chi,,Trị An,Đồng Nai,Đồng Nai,61.88,153.0,131.0,0.0,HCMC_TVHN_20260114.pdf,
Tân Sơn Hòa,,Thác Mơ,Bé,Đồng Nai,216.34,18.0,88.0,0.0,HCMC_TVHN_20260114.pdf,
Nhà Bè,,Sr.P.Miêng,Bé,Đồng Nai,71.85,74.0,76.0,0.0,HCMC_TVHN_20260114.pdf,
Vũng Tàu,0.0,Dầu Tiếng,Sài Gòn,TPHCM,23.2,96.0,,24.0,HCMC_TVHN_20260114.pdf,
Thủ Dầu I,0.0,Sông Ray,Ray,TPHCM,69.46,0.0,9.0,0.0,HCMC_TVHN_20260114.pdf,
Mạc Đĩnh Chi,,Trị An,Đồng Nai,Đồng Nai,61.89,144.0,144.0,0.0,HCMC_TVHN_20260116.pdf,
Tân Sơn Hòa,,Thác Mơ,Bé,Đồng Nai,216.23,23.0,81.0,0.0,HCMC_TVHN_20260116.pdf,
Nhà Bè,,Sr.P.Miêng,Bé,Đồng Nai,71.71,77.0,84.0,0.0,HCMC_TVHN_20260116.pdf,
Vũng Tàu,,Dầu Tiếng,Sài Gòn,TPHCM,23.16,74.0,,24.0,HCMC_TVHN_20260116.pdf,
Mạc Đĩnh Chi,,Trị An,Đồng Nai,Đồng Nai,61.89,183.0,161.0,0.0,HCMC_TVHN_20260117.pdf,
Tân Sơn Hòa,,Thác Mơ,Bé,Đồng Nai,216.18,22.0,77.0,0.0,HCMC_TVHN_20260117.pdf,
Nhà Bè,,Sr.P.Miêng,Bé,Đồng Nai,71.66,67.0,75.0,0.0,HCMC_TVHN_20260117.pdf,
Vũng Tàu,,Dầu Tiếng,Sài Gòn,TPHCM,23.14,108.0,,24.0,HCMC_TVHN_20260117.pdf,
Thủ Dầu I,,Sông Ray,Ray,TPHCM,69.33,0.0,9.0,0.0,HCMC_TVHN_20260117.pdf,
Mạc Đĩnh Chi,,Trị An,Đồng Nai,Đồng Nai,61.87,166.0,241.0,0.0,HCMC_TVHN_20260118.pdf,
Tân Sơn Hòa,,Thác Mơ,Bé,Đồng Nai,216.13,20.0,84.0,0.0,HCMC_TVHN_20260118.pdf,
Nhà Bè,,Sr.P.Miêng,Bé,Đồng Nai,71.63,78.0,83.0,0.0,HCMC_TVHN_20260118.pdf,
Vũng Tàu,,Dầu Tiếng,Sài Gòn,TPHCM,23.12,89.0,,0.0,HCMC_TVHN_20260118.pdf,
Thủ Dầu I,,Sông Ray,Ray,TPHCM,69.28,0.0,9.0,0.0,HCMC_TVHN_20260118.pdf,
Mạc Đĩnh Chi,,Trị An,Đồng Nai,Đồng Nai,61.87,174.0,155.0,0.0,HCMC_TVHN_20260120.pdf,
Tân Sơn Hòa,,Thác Mơ,Bé,Đồng Nai,216.01,14.0,88.0,0.0,HCMC_TVHN_20260120.pdf,
Nhà Bè,,Sr.P.Miêng,Bé,Đồng Nai,71.52,68.0,84.0,0.0,HCMC_TVHN_20260120.pdf,
Vũng Tàu,,Dầu Tiếng,Sài Gòn,TPHCM,23.08,85.0,,24.0,HCMC_TVHN_20260120.pdf,
Thủ Dầu I,,Sông Ray,Ray,TPHCM,69.18,0.0,9.0,0.0,HCMC_TVHN_20260120.pdf,
Mạc Đĩnh Chi,,Trị An,Đồng Nai,Đồng Nai,61.82,108.0,317.0,0.0,HCMC_TVHN_20260121.pdf,
Tân Sơn Hòa,,Thác Mơ,Bé,Đồng Nai,215.95,21.0,92.0,0.0,HCMC_TVHN_20260121.pdf,
Nhà Bè,,Sr.P.Miêng,Bé,Đồng Nai,71.42,59.0,76.0,0.0,HCMC_TVHN_20260121.pdf,
Vũng Tàu,,Dầu Tiếng,Sài Gòn,TPHCM,23.06,124.0,,23.0,HCMC_TVHN_20260121.pdf,
Thủ Dầu I,,Sông Ray,Ray,TPHCM,69.13,0.0,9.0,0.0,HCMC_TVHN_20260121.pdf,
Mạc Đĩnh Chi,,Trị An,Đồng Nai,Đồng Nai,61.8,90.0,160.0,0.0,HCMC_TVHN_20260122.pdf,
Tân Sơn Hòa,,Thác Mơ,Bé,Đồng Nai,215.89,18.0,90.0,0.0,HCMC_TVHN_20260122.pdf,
Nhà Bè,,Sr.P.Miêng,Bé,Đồng Nai,71.33,61.0,76.0,0.0,HCMC_TVHN_20260122.pdf,
Vũng Tàu,,Dầu Tiếng,Sài Gòn,TPHCM,23.04,75.0,,23.0,HCMC_TVHN_20260122.pdf,
Thủ Dầu I,,Sông Ray,Ray,TPHCM,69.09,0.0,9.0,0.0,HCMC_TVHN_20260122.pdf,
Mạc Đĩnh Chi,,Trị An,Đồng Nai,Đồng Nai,61.8,135.0,139.0,0.0,HCMC_TVHN_20260123.pdf,
Tân Sơn Hòa,,Thác Mơ,Bé,Đồng Nai,215.82,17.0,91.0,0.0,HCMC_TVHN_20260123.pdf,
Nhà Bè,,Sr.P.Miêng,Bé,Đồng Nai,71.27,65.0,72.0,0.0,HCMC_TVHN_20260123.pdf,
Vũng Tàu,,Dầu Tiếng,Sài Gòn,TPHCM,23.01,136.0,,23.0,HCMC_TVHN_20260123.pdf,
Thủ Dầu I,,Sông Ray,Ray,TPHCM,69.03,0.0,9.0,0.0,HCMC_TVHN_20260123.pdf,
